ID,Houses,Apartments,Rooms,District I,District II,District III,District IV,District V,District VI,District VII,District VIII,District IX,District X,District XI,District XII,District XIII,District XIV,District XV,District XVI,District XVII,District XVIII,District XIX,District XX,District XXI,District XXII,District XXIII,Price(HUF per month),Size(sqm),Price per sqm(HUF),Street,Floor,Name of Residential complex,Parking place,View,View: Garden view,View: Panoramic view,View: Street view,Elevator,Lift,Air conditioning,Air conditioner,Number of rooms,Number of rooms: whole rooms,Number of rooms: half rooms,Condition of property,Condition of property: Newly build,Condition of property: In good condition,Condition of property: Renovated,Condition of property: In medium condition,Condition of property: Needs renovation,Condition of property: Mint,Utility level,Utility: double comfort,Utility: full comfort,Utility luxury,Energy Performance Certificate,Furnished,Floors of the building,Ceiling height,Heating,Heating: gas,Heating: wall_heating,Heating: combination,Heating: ceiling,Heating: central heating,Accessible,Bathroom and toilet,Bathroom: separate,Bathroom: together,Orientation,Orientation: North,Orientation: South,Orientation: East,Orientation: West,Orientation: Northeast,Orientation: Northwest,Orientation: Southwest,Orientation: Southeast,Garden access,Balcony (sqm),Attic,Attic: Loft conversion,Attic: Penthouse,Attic: Top floor,Transportation,Latitude,Longitude,Lats,Lons,Postcode,District,Amenity: Sustenance,Amenity: School,Amenity: Education,Amenity: Financial,Amenity: Healthcare,Amenity: Arts,Amenity: Entertainment,Amenity: Religion,Amenity: police,Amenity: Government,Amenity: Vending_machine,Amenity: Transportation_bicycle,Amenity: Transportation_car,Amenity: Fuel,Amenity: Parking,Amenity: Coworking_space,Amenity: Recycling,Amenity: Others
9513,0,1,0,0,0,0,0,0,0,0,0,0,0,0,0,0,0,0,0,0,0,0,0,0,0,0,49.9,71,702817, Tátra utca,4.0,-1,1,garden view,1,0,0,available,1,not available,0,3 room,3,0,needs renovation,0,0,0,0,1,0,full comfort,0,1,0,-1,-1,5,3 m or more,not specified,0,0,0,0,0,0,separate,1,0,East,0,0,1,0,0,0,0,0,-1,-1.0,no loft conversion,0,0,0, Busz   15   115    Troli   75   76   ,47.5169,19.05317,47.5169,19.05317,1136,13,626,68,6,135,95,29,42,33,14,8,113,245,6,14,183,4,19,655
9514,0,1,0,0,0,0,0,0,0,0,0,0,0,0,0,0,0,0,0,0,0,0,0,0,0,0,44.9,74,606757, Külső-Terézváros,1.0,-1,-1,garden view,1,0,0,not specified,-1,-1,-1,3 room,3,0,in medium condition,0,0,0,1,0,0,not specified,0,0,0,-1,-1,-1,3 m or more,electric,0,0,0,0,0,-1,not specified,-1,-1,Northwest,0,0,0,0,0,1,0,0,-1,-1.0,no loft conversion,0,0,0,-1,47.51342800000001,19.066608,47.51342800000001,19.066608,1064,6,801,99,12,137,111,36,68,32,13,5,77,255,10,13,159,6,21,647
9515,0,1,0,0,0,0,0,0,0,0,0,0,0,0,0,0,0,0,0,0,0,0,0,0,0,0,85.9,125,679051, Balzac utca,1.0,-1,-1,street view,0,0,1,available,1,-1,-1,4 + 1 half room,4,1,needs renovation,0,0,0,0,1,0,not specified,0,0,0,-1,-1,5,not specified,district heating,0,0,0,0,0,-1,not specified,-1,-1,not specified,0,0,0,0,0,0,0,0,-1,3.0,-1,0,0,0, Busz   15   115    Troli   75   76   ,47.51655,19.053420000000006,47.51655,19.053420000000006,1136,13,642,70,7,135,97,28,46,34,14,8,110,250,6,14,176,4,18,646
9516,0,1,0,0,0,0,0,0,0,0,0,0,0,0,0,0,0,0,0,0,0,0,0,0,0,0,44.9,71,632394, Belső-Ferencváros,1.0,-1,-1,not specified,0,0,0,available,1,-1,-1,2 room,2,0,needs renovation,0,0,0,0,1,0,full comfort,0,1,0,-1,-1,5,3 m or more,combination boiler,0,0,1,0,0,-1,separate,1,0,East,0,0,1,0,0,0,0,0,-1,-1.0,-1,0,0,0,-1,47.484837,19.063433,47.484837,19.063433,1092,9,1091,212,17,198,121,62,61,70,6,6,235,346,5,6,280,1,21,1533
9517,0,1,0,0,0,0,0,0,0,0,0,0,0,0,0,0,0,0,0,0,0,0,0,0,0,0,47.0,47,1000000, Molnár utca,0.0,-1,1,garden view,1,0,0,not available,0,-1,-1,1 room,1,0,not specified,0,0,0,0,0,0,full comfort,0,1,0,-1,-1,-1,3 m or more,natural gas (convector),1,0,0,0,0,-1,together,0,1,not specified,0,0,0,0,0,0,0,0,-1,-1.0,-1,0,0,0, Villamos   2   47   47B   48   49    Metró   M3   M4    Busz   108E   110   112   115   133E   15   178   8E    Éjszakai   979A   979    Troli   83   ,47.48919,19.05486,47.48919,19.05486,1056,5,1325,161,21,220,101,86,87,69,4,8,232,392,6,4,237,3,22,1517
9518,0,1,0,0,0,0,0,0,0,0,0,0,0,0,0,0,0,0,0,0,0,0,0,0,0,0,37.5,57,657895, József körút,2.0,-1,1,garden view,1,0,0,not available,0,available,1,1 + 2 half room,1,2,in good condition,0,1,0,0,0,0,full comfort,0,1,0,-1,-1,3,3 m or more,natural gas (convector),1,0,0,0,0,0,not specified,-1,-1,South,0,1,0,0,0,0,0,0,0,-1.0,-1,0,0,0, Villamos   4   6    Metró   M4    Busz   6   9    Éjszakai   909   923    Troli   83   ,47.491985,19.070604,47.491985,19.070604,1085,8,1299,221,20,229,143,71,103,71,5,8,244,355,12,5,212,3,16,1275
9519,0,1,0,0,0,0,0,0,0,0,0,0,0,0,0,0,0,0,0,0,0,0,0,0,0,0,29.9,31,964516, Dob utca,0.5,-1,-1,garden view,1,0,0,not specified,-1,not available,0,1 room,1,0,in good condition,0,1,0,0,0,0,full comfort,0,1,0,-1,-1,1,3 m or more,natural gas (convector),1,0,0,0,0,-1,together,0,1,not specified,0,0,0,0,0,0,0,0,0,-1.0,-1,0,0,0, Metró   M1    Troli   70   74   78   ,47.49918,19.06202,47.49918,19.06202,1072,7,1527,187,26,270,141,87,116,71,10,11,245,424,7,10,204,5,17,1343
9520,0,1,0,0,0,0,0,0,0,0,0,0,0,0,0,0,0,0,0,0,0,0,0,0,0,0,76.0,69,1078014, Váci utca 65,1.0,-1,1,street view,0,0,1,not available,0,not available,0,2 room,2,0,in good condition,0,1,0,0,0,0,not specified,0,0,0,-1,-1,3,not specified,combination boiler,0,0,1,0,0,-1,together,0,1,East,0,0,1,0,0,0,0,0,0,3.0,-1,0,0,0, Villamos   2   47   47B   48   49    Metró   M3   M4    Busz   108E   110   112   115   133E   15   178   8E    Éjszakai   979A   979    Troli   83   ,47.489323,19.05588,47.489323,19.05588,1056,5,1355,167,22,223,104,85,89,69,4,8,233,395,6,4,242,3,23,1511
9521,0,1,0,0,0,0,0,0,0,0,0,0,0,0,0,0,0,0,0,0,0,0,0,0,0,0,22.0,47,468085, Dankó utca,0.0,-1,-1,garden view,1,0,0,not available,0,-1,-1,2 room,2,0,in medium condition,0,0,0,1,0,0,full comfort,0,1,0,-1,-1,-1,not specified,natural gas (convector),1,0,0,0,0,1,not specified,-1,-1,not specified,0,0,0,0,0,0,0,0,-1,-1.0,-1,0,0,0, Villamos   24   24G   28   28A   62    Busz   9   99    Éjszakai   909    Troli   83   ,47.49045,19.08263,47.49045,19.08263,1086,8,635,174,12,101,122,26,60,47,6,2,168,174,16,6,204,1,13,687
9522,0,1,0,0,0,0,0,0,0,0,0,0,0,0,0,0,0,0,0,0,0,0,0,0,0,0,19.9,30,663333, Angyalföld – Lőportárdűlő,0.0,-1,1,garden view,1,0,0,not specified,-1,-1,-1,1 room,1,0,renovated,0,0,1,0,0,0,full comfort,0,1,0,-1,-1,3,3 m or more,combination boiler,0,0,1,0,0,-1,together,0,1,Northeast,0,0,0,0,1,0,0,0,-1,-1.0,no loft conversion,0,0,0,-1,47.52255,19.071003,47.52255,19.071003,1135,13,238,75,3,56,84,27,16,23,12,10,66,151,8,12,151,1,29,464
9523,0,1,0,0,0,0,0,0,0,0,0,0,0,0,0,0,0,0,0,0,0,0,0,0,0,0,20.9,35,597143, Izabella utca,-1.0,-1,-1,not specified,0,0,0,not specified,-1,-1,-1,1 room,1,0,in medium condition,0,0,0,1,0,0,not specified,0,0,0,-1,-1,-1,not specified,natural gas (convector),1,0,0,0,0,-1,not specified,-1,-1,not specified,0,0,0,0,0,0,0,0,-1,-1.0,-1,0,0,0, Metró   M1    Busz   6   105    Éjszakai   923   979    Troli   72   73   76   ,47.50927,19.06557,47.50927,19.06557,1064,6,1182,109,12,204,118,65,97,43,13,8,109,327,10,13,176,6,18,758
9524,0,1,0,0,0,0,0,0,0,0,0,0,0,0,0,0,0,0,0,0,0,0,0,0,0,0,43.8,64,646494, Reitter Ferenc utca,1.0,-1,-1,garden view,1,0,0,available,1,-1,-1,3 room,3,0,mint,0,0,0,0,0,1,full comfort,0,1,0,-1,-1,4,less than 3 m,central heating (metered),0,0,0,0,1,-1,separate,1,0,West,0,0,0,1,0,0,0,0,-1,7.5,-1,0,0,0, Villamos   1   14    Busz   14   30   105   230   30A    Éjszakai   914A   914   ,47.531975,19.08624,47.531975,19.08624,1135,13,89,53,3,27,54,12,9,11,3,10,28,58,9,3,85,0,26,242
9525,0,1,0,0,0,0,0,0,0,0,0,0,0,0,0,0,0,0,0,0,0,0,0,0,0,0,24.0,59,406780, Dunadűlő út,-1.0,-1,-1,not specified,0,0,0,not specified,-1,-1,-1,1 + 2 half room,1,2,not specified,0,0,0,0,0,0,not specified,0,0,0,-1,-1,-1,not specified,not specified,0,0,0,0,0,-1,not specified,-1,-1,not specified,0,0,0,0,0,0,0,0,-1,-1.0,-1,0,0,0, Busz   151    Éjszakai   948   ,47.42435,19.089016,47.42435,19.089016,1212,21,22,57,2,6,19,3,3,13,0,2,1,7,0,0,147,0,21,82
9526,0,1,0,0,0,0,0,0,0,0,0,0,0,0,0,0,0,0,0,0,0,0,0,0,0,0,9.3,34,273529, Margó Tivadar utca,-1.0,-1,-1,not specified,0,0,0,not specified,-1,-1,-1,1 room,1,0,in medium condition,0,0,0,1,0,0,not specified,0,0,0,-1,-1,-1,not specified,not specified,0,0,0,0,0,-1,not specified,-1,-1,not specified,0,0,0,0,0,0,0,0,-1,-1.0,-1,0,0,0, Busz   194   194B   36   198   900    Éjszakai   914   980   ,47.430794,19.174673,47.430794,19.174673,1186,18,15,17,2,4,17,0,6,9,2,1,3,2,10,2,69,0,3,32
9527,0,1,0,0,0,0,0,0,0,0,0,0,0,0,0,0,0,0,0,0,0,0,0,0,0,0,24.0,59,406780, Dunadűlő út,-1.0,-1,-1,not specified,0,0,0,not specified,-1,-1,-1,1 + 2 half room,1,2,not specified,0,0,0,0,0,0,not specified,0,0,0,-1,-1,-1,not specified,not specified,0,0,0,0,0,-1,not specified,-1,-1,not specified,0,0,0,0,0,0,0,0,-1,-1.0,-1,0,0,0, Busz   151    Éjszakai   948   ,47.42435,19.089016,47.42435,19.089016,1212,21,22,57,2,6,19,3,3,13,0,2,1,7,0,0,147,0,21,82
9528,0,1,0,0,0,0,0,0,0,0,0,0,0,0,0,0,0,0,0,0,0,0,0,0,0,0,97.0,113,836207, Újlipótváros,-1.0,-1,-1,not specified,0,0,0,not specified,-1,-1,-1,3 room,3,0,not specified,0,0,0,0,0,0,not specified,0,0,0,-1,-1,-1,not specified,district heating (metered),0,0,0,0,0,-1,not specified,-1,-1,not specified,0,0,0,0,0,0,0,0,-1,6.0,-1,0,0,0,-1,47.51772,19.054592,47.51772,19.054592,1136,13,578,68,6,123,92,31,37,31,14,6,101,234,7,14,173,3,20,626
9529,0,1,0,0,0,0,0,0,0,0,0,0,0,0,0,0,0,0,0,0,0,0,0,0,0,0,8.0,30,266667, Áchim András utca,-1.0,-1,-1,not specified,0,0,0,not specified,-1,-1,-1,1 room,1,0,in medium condition,0,0,0,1,0,0,not specified,0,0,0,-1,-1,-1,not specified,not specified,0,0,0,0,0,-1,not specified,-1,-1,not specified,0,0,0,0,0,0,0,0,-1,-1.0,-1,0,0,0, Busz   68   194   194B   199    Éjszakai   948   999   ,47.446754,19.142677,47.446754,19.142677,1196,19,39,35,2,10,30,4,5,15,2,5,0,7,3,2,65,0,11,67
9530,0,1,0,0,0,0,0,0,0,0,0,0,0,0,0,0,0,0,0,0,0,0,0,0,0,0,59.9,80,744099, Angyalföld – Országbíró utcai lakótelep,2.0,-1,1,not specified,0,0,0,not available,0,-1,-1,3 + 1 half room,3,1,in good condition,0,1,0,0,0,0,full comfort,0,1,0,-1,-1,-1,not specified,combination boiler,0,0,1,0,0,-1,together,0,1,South,0,1,0,0,0,0,0,0,-1,1.0,-1,0,0,0,-1,47.53183,19.077251,47.53183,19.077251,1139,13,120,63,4,34,51,14,8,11,3,10,32,78,10,3,128,0,36,305
9531,0,1,0,0,0,0,0,0,0,0,0,0,0,0,0,0,0,0,0,0,0,0,0,0,0,0,35.0,54,648148, Lehel utca 70,-1.0,-1,-1,not specified,0,0,0,not specified,-1,-1,-1,2 + 1 half room,2,1,not specified,0,0,0,0,0,0,not specified,0,0,0,-1,-1,-1,not specified,not specified,0,0,0,0,0,-1,not specified,-1,-1,not specified,0,0,0,0,0,0,0,0,-1,-1.0,-1,0,0,0, Villamos   1   14    Busz   14   32   105   20E   30   230   30A    Éjszakai   914   914A   ,47.528893,19.07975,47.528893,19.07975,1135,13,134,63,3,33,66,15,9,14,3,10,42,79,10,3,125,0,34,309
9532,0,1,0,0,0,0,0,0,0,0,0,0,0,0,0,0,0,0,0,0,0,0,0,0,0,0,35.3,57,576797, Alsórákos,0.0,-1,-1,garden view,1,0,0,not available,0,not available,0,2 room,2,0,in medium condition,0,0,0,1,0,0,not specified,0,0,0,-1,-1,3,less than 3 m,combination boiler,0,0,1,0,0,0,separate,1,0,South,0,1,0,0,0,0,0,0,0,8.4,no loft conversion,0,0,0,-1,47.524723,19.12863,47.524723,19.12863,1141,14,61,36,4,8,24,3,4,13,0,2,6,12,10,0,115,0,12,127
9533,0,1,0,0,0,0,0,0,0,0,0,0,0,0,0,0,0,0,0,0,0,0,0,0,0,0,79.9,119,671429, Újpesti rakpart,4.0,-1,-1,street view,0,0,1,available,1,-1,-1,3 + 1 half room,3,1,needs renovation,0,0,0,0,1,0,full comfort,0,1,0,-1,-1,6,3 m or more,cserépkályha,0,0,0,0,0,-1,separate,1,0,East,0,0,1,0,0,0,0,0,-1,-1.0,-1,0,0,0, Busz   15   115    Troli   75   76   ,47.518974,19.050413,47.518974,19.050413,1137,13,475,66,5,104,92,30,22,34,13,8,119,233,7,13,217,3,18,676
9534,0,1,0,0,0,0,0,0,0,0,0,0,0,0,0,0,0,0,0,0,0,0,0,0,0,0,68.5,90,761111, Istvánffy utca,-1.0,-1,-1,not specified,0,0,0,not specified,-1,-1,-1,2 + 3 half room,2,3,not specified,0,0,0,0,0,0,not specified,0,0,0,-1,-1,-1,not specified,not specified,0,0,0,0,0,-1,not specified,-1,-1,not specified,0,0,0,0,0,0,0,0,-1,-1.0,-1,0,0,0, Busz   133E   7   124   125   277    Éjszakai   979   ,47.52988,19.11777,47.52988,19.11777,1147,14,76,37,5,19,41,3,5,16,0,3,4,15,10,0,104,0,16,155
9535,0,1,0,0,0,0,0,0,0,0,0,0,0,0,0,0,0,0,0,0,0,0,0,0,0,0,20.5,47,410000, Ady Endre út,8.0,-1,1,panoramic,0,1,0,available,1,not available,0,2 room,2,0,in good condition,0,1,0,0,0,0,full comfort,0,1,0,-1,-1,11,less than 3 m,district heating (metered),0,0,0,0,0,1,together,0,1,West,0,0,0,1,0,0,0,0,0,6.0,no loft conversion,0,0,0, Busz   35   36   148   151    Éjszakai   948   ,47.43514,19.07727,47.43514,19.07727,1215,21,19,60,2,9,17,3,1,8,2,4,1,11,4,2,140,0,17,90
9536,0,1,0,0,0,0,0,0,0,0,0,0,0,0,0,0,0,0,0,0,0,0,0,0,0,0,175.0,110,1590909, Vizafogó – Marinapart,9.0,-1,1,panoramic,0,1,0,available,1,available,1,2 + 1 half room,2,1,mint,0,0,0,0,0,1,full comfort,0,1,0,-1,-1,9,3 m or more,central heating (metered),0,0,0,0,1,-1,separate,1,0,Northwest,0,0,0,0,0,1,0,0,0,-1.0,penthouse,0,1,0,-1,47.54785,19.065578,47.54785,19.065578,1138,13,51,39,3,18,22,5,9,4,0,0,19,62,11,0,108,0,24,226
9537,0,1,0,0,0,0,0,0,0,0,0,0,0,0,0,0,0,0,0,0,0,0,0,0,0,0,27.7,68,401449, Kőrakás park,3.0,-1,1,garden view,1,0,0,not available,0,not available,0,2 + 2 half room,2,2,renovated,0,0,1,0,0,0,full comfort,0,1,0,AA++,-1,3,less than 3 m,central heating (metered),0,0,0,0,1,0,separate,1,0,East,0,0,1,0,0,0,0,0,0,2.0,top floor,0,0,1, Villamos   69    Busz   108E   133E   196A   7   46   146   196   224   7E   8E   96   130   296   296A   7G    Éjszakai   973   979   996   996A   ,47.54387,19.14451,47.54387,19.14451,1157,15,43,20,1,10,19,1,7,6,0,0,4,4,3,0,80,0,9,147
9538,0,1,0,0,0,0,0,0,0,0,0,0,0,0,0,0,0,0,0,0,0,0,0,0,0,0,38.5,55,700000, Újlak,0.5,-1,1,street view,0,0,1,not specified,-1,-1,-1,2 room,2,0,renovated,0,0,1,0,0,0,full comfort,0,1,0,-1,-1,3,less than 3 m,district heating (metered),0,0,0,0,0,-1,separate,1,0,East,0,0,1,0,0,0,0,0,-1,-1.0,-1,0,0,0,-1,47.528786,19.037403,47.528786,19.037403,1036,3,186,61,2,41,40,16,16,32,5,1,99,111,3,5,213,0,13,598
9539,0,1,0,0,0,0,0,0,0,0,0,0,0,0,0,0,0,0,0,0,0,0,0,0,0,0,30.5,41,743902, Izabella utca,2.0,-1,-1,street view,0,0,1,available,1,-1,-1,1 room,1,0,in good condition,0,1,0,0,0,0,full comfort,0,1,0,-1,-1,3,not specified,combination boiler,0,0,1,0,0,-1,together,0,1,West,0,0,0,1,0,0,0,0,-1,-1.0,-1,0,0,0, Metró   M1    Busz   6   105    Éjszakai   923   979    Troli   72   73   76   ,47.50927,19.06557,47.50927,19.06557,1064,6,1182,109,12,204,118,65,97,43,13,8,109,327,10,13,176,6,18,758
9540,0,1,0,0,0,0,0,0,0,0,0,0,0,0,0,0,0,0,0,0,0,0,0,0,0,0,25.5,57,447368, Dunadűlő út,-1.0,-1,-1,not specified,0,0,0,not specified,-1,-1,-1,1 + 2 half room,1,2,not specified,0,0,0,0,0,0,not specified,0,0,0,-1,-1,-1,not specified,not specified,0,0,0,0,0,-1,not specified,-1,-1,not specified,0,0,0,0,0,0,0,0,-1,-1.0,-1,0,0,0, Busz   151    Éjszakai   948   ,47.42435,19.089016,47.42435,19.089016,1212,21,22,57,2,6,19,3,3,13,0,2,1,7,0,0,147,0,21,82
9541,0,1,0,0,0,0,0,0,0,0,0,0,0,0,0,0,0,0,0,0,0,0,0,0,0,0,43.9,70,627143, József Attila lakótelep,1.0,-1,-1,garden view,1,0,0,available,1,-1,-1,3 room,3,0,in good condition,0,1,0,0,0,0,full comfort,0,1,0,-1,-1,6,not specified,central heating (metered),0,0,0,0,1,-1,separate,1,0,Southwest,0,0,0,0,0,0,1,0,-1,-1.0,-1,0,0,0,-1,47.463997,19.116545,47.463997,19.116545,1098,9,43,54,2,7,25,4,9,7,3,0,3,10,7,3,137,0,9,66
9542,0,1,0,0,0,0,0,0,0,0,0,0,0,0,0,0,0,0,0,0,0,0,0,0,0,0,35.0,40,795455, Angyalföld,0.0,-1,-1,not specified,0,0,0,available,1,-1,-1,1 + 1 half room,1,1,in good condition,0,1,0,0,0,0,not specified,0,0,0,-1,-1,-1,less than 3 m,combination boiler,0,0,1,0,0,-1,not specified,-1,-1,South,0,1,0,0,0,0,0,0,-1,8.0,no loft conversion,0,0,0,-1,47.538097,19.08208,47.538097,19.08208,1139,13,73,50,3,31,52,11,8,10,2,10,21,68,7,2,102,0,39,214
9543,0,1,0,0,0,0,0,0,0,0,0,0,0,0,0,0,0,0,0,0,0,0,0,0,0,0,29.5,53,556604, József Attila lakótelep,1.0,-1,-1,garden view,1,0,0,available,1,-1,-1,2 room,2,0,in good condition,0,1,0,0,0,0,not specified,0,0,0,-1,-1,-1,less than 3 m,district heating,0,0,0,0,0,-1,separate,1,0,Northwest,0,0,0,0,0,1,0,0,-1,-1.0,-1,0,0,0,-1,47.463997,19.116545,47.463997,19.116545,1098,9,43,54,2,7,25,4,9,7,3,0,3,10,7,3,137,0,9,66
9544,0,1,0,0,0,0,0,0,0,0,0,0,0,0,0,0,0,0,0,0,0,0,0,0,0,0,20.5,34,602941, Futó utca,1.0,-1,1,garden view,1,0,0,not available,0,not available,0,1 room,1,0,in good condition,0,1,0,0,0,0,full comfort,0,1,0,-1,-1,3,3 m or more,natural gas (convector),1,0,0,0,0,0,together,0,1,not specified,0,0,0,0,0,0,0,0,0,-1.0,no loft conversion,0,0,0, Villamos   4   6    Metró   M3    Busz   6   9    Éjszakai   914   914A   923   950   950A   909    Troli   83   ,47.48688,19.0745,47.48688,19.0745,1083,8,866,205,17,160,129,41,70,61,8,4,229,260,14,8,254,1,17,1186
9545,0,1,0,0,0,0,0,0,0,0,0,0,0,0,0,0,0,0,0,0,0,0,0,0,0,0,46.9,64,700000, Árpád fejedelem útja,1.0,-1,-1,street view,0,0,1,available,1,-1,-1,2 + 1 half room,2,1,renovated,0,0,1,0,0,0,full comfort,0,1,0,-1,-1,6,not specified,district heating (metered),0,0,0,0,0,-1,separate,1,0,not specified,0,0,0,0,0,0,0,0,-1,6.0,-1,0,0,0, Villamos   17   19   41    Hév   H5    Busz   29   111   H5   109   9    Éjszakai   923   934   960   ,47.5245,19.037876,47.5245,19.037876,1023,2,256,57,2,46,59,19,19,36,8,5,101,139,5,8,221,2,11,639
9546,0,1,0,0,0,0,0,0,0,0,0,0,0,0,0,0,0,0,0,0,0,0,0,0,0,0,193.93,330,587655, Lónyay utca,1.0,-1,-1,street view,0,0,1,not available,0,available,1,10 room,10,0,renovated,0,0,1,0,0,0,double comfort,1,0,0,-1,-1,3,3 m or more,combination boiler,0,0,1,0,0,-1,separate and together too,1,0,not specified,0,0,0,0,0,0,0,0,-1,-1.0,no loft conversion,0,0,0, Villamos   2    Busz   15   115    Éjszakai   979   979A    Troli   83   ,47.4846,19.06293,47.4846,19.06293,1093,9,1077,214,17,197,118,61,59,72,6,6,235,348,5,6,275,1,20,1506
9547,0,1,0,0,0,0,0,0,0,0,0,0,0,0,0,0,0,0,0,0,0,0,0,0,0,0,48.08,74,624416, Reitter Ferenc utca,3.0,-1,-1,not specified,0,0,0,available,1,-1,-1,3 room,3,0,not specified,0,0,0,0,0,0,not specified,0,0,0,-1,-1,-1,less than 3 m,central heating (metered),0,0,0,0,1,-1,not specified,-1,-1,not specified,0,0,0,0,0,0,0,0,-1,6.0,no loft conversion,0,0,0, Villamos   1   14    Busz   14   20E   30   230   30A    Éjszakai   914A   914   ,47.53949,19.090933,47.53949,19.090933,1131,13,47,46,1,20,41,10,3,10,0,10,7,37,7,0,76,0,32,160
9548,0,1,0,0,0,0,0,0,0,0,0,0,0,0,0,0,0,0,0,0,0,0,0,0,0,0,47.1,59,658741, Reitter Ferenc utca,5.0,-1,-1,street view,0,0,1,available,1,-1,-1,3 room,3,0,not specified,0,0,0,0,0,0,not specified,0,0,0,-1,-1,-1,less than 3 m,central heating (metered),0,0,0,0,1,-1,not specified,-1,-1,not specified,0,0,0,0,0,0,0,0,-1,25.0,no loft conversion,0,0,0, Villamos   1   14    Busz   14   20E   30   230   30A    Éjszakai   914A   914   ,47.53949,19.090933,47.53949,19.090933,1131,13,47,46,1,20,41,10,3,10,0,10,7,37,7,0,76,0,32,160
9549,0,1,0,0,0,0,0,0,0,0,0,0,0,0,0,0,0,0,0,0,0,0,0,0,0,0,51.0,65,658065, Reitter Ferenc utca,5.0,-1,-1,street view,0,0,1,available,1,-1,-1,3 room,3,0,not specified,0,0,0,0,0,0,not specified,0,0,0,-1,-1,-1,less than 3 m,central heating (metered),0,0,0,0,1,-1,not specified,-1,-1,not specified,0,0,0,0,0,0,0,0,-1,25.0,no loft conversion,0,0,0, Villamos   1   14    Busz   14   20E   30   230   30A    Éjszakai   914A   914   ,47.53949,19.090933,47.53949,19.090933,1131,13,47,46,1,20,41,10,3,10,0,10,7,37,7,0,76,0,32,160
9550,0,1,0,0,0,0,0,0,0,0,0,0,0,0,0,0,0,0,0,0,0,0,0,0,0,0,48.34,62,705693, Reitter Ferenc utca,3.0,-1,-1,street view,0,0,1,available,1,-1,-1,3 room,3,0,not specified,0,0,0,0,0,0,not specified,0,0,0,-1,-1,-1,less than 3 m,central heating (metered),0,0,0,0,1,-1,not specified,-1,-1,not specified,0,0,0,0,0,0,0,0,-1,13.0,no loft conversion,0,0,0, Villamos   1   14    Busz   14   20E   30   230   30A    Éjszakai   914A   914   ,47.53949,19.090933,47.53949,19.090933,1131,13,47,46,1,20,41,10,3,10,0,10,7,37,7,0,76,0,32,160
9551,0,1,0,0,0,0,0,0,0,0,0,0,0,0,0,0,0,0,0,0,0,0,0,0,0,0,52.4,61,743262, Reitter Ferenc utca,0.0,-1,-1,not specified,0,0,0,available,1,-1,-1,3 room,3,0,not specified,0,0,0,0,0,0,not specified,0,0,0,-1,-1,-1,less than 3 m,central heating (metered),0,0,0,0,1,-1,not specified,-1,-1,not specified,0,0,0,0,0,0,0,0,-1,19.0,no loft conversion,0,0,0, Villamos   1   14    Busz   14   20E   30   230   30A    Éjszakai   914A   914   ,47.53949,19.090933,47.53949,19.090933,1131,13,47,46,1,20,41,10,3,10,0,10,7,37,7,0,76,0,32,160
9552,0,1,0,0,0,0,0,0,0,0,0,0,0,0,0,0,0,0,0,0,0,0,0,0,0,0,46.89,61,669857, Reitter Ferenc utca,3.0,-1,-1,street view,0,0,1,available,1,-1,-1,3 room,3,0,not specified,0,0,0,0,0,0,not specified,0,0,0,-1,-1,-1,less than 3 m,combination boiler,0,0,1,0,0,-1,not specified,-1,-1,not specified,0,0,0,0,0,0,0,0,-1,18.0,no loft conversion,0,0,0, Villamos   1   14    Busz   14   20E   30   230   30A    Éjszakai   914A   914   ,47.53949,19.090933,47.53949,19.090933,1131,13,47,46,1,20,41,10,3,10,0,10,7,37,7,0,76,0,32,160
9553,0,1,0,0,0,0,0,0,0,0,0,0,0,0,0,0,0,0,0,0,0,0,0,0,0,0,48.0,94,510638, Kereszt utca,-1.0,-1,-1,not specified,0,0,0,not specified,-1,-1,-1,2 + 2 half room,2,2,not specified,0,0,0,0,0,0,not specified,0,0,0,-1,-1,-1,not specified,not specified,0,0,0,0,0,-1,not specified,-1,-1,not specified,0,0,0,0,0,0,0,0,-1,-1.0,-1,0,0,0, Villamos   47   56    Busz   141   158   241   241A   251   251A   58   114   133E   213   214   250   250B   33    Éjszakai   941   973   ,47.42345,19.03647,47.42345,19.03647,1222,22,26,34,1,11,13,3,2,10,2,3,0,13,3,2,135,0,3,75
9554,0,1,0,0,0,0,0,0,0,0,0,0,0,0,0,0,0,0,0,0,0,0,0,0,0,0,70.0,108,619469, Óarany utca,0.0,-1,-1,not specified,0,0,0,not available,0,-1,-1,3 room,3,0,not specified,0,0,0,0,0,0,not specified,0,0,0,-1,-1,-1,less than 3 m,other,0,0,0,0,0,-1,not specified,-1,-1,Southeast,0,0,0,0,0,0,0,1,-1,10.0,no loft conversion,0,0,0, Busz   219   ,47.57911,19.02401,47.57911,19.02401,1037,3,7,9,1,1,1,1,0,3,0,0,1,6,0,0,23,0,4,47
9555,0,1,0,0,0,0,0,0,0,0,0,0,0,0,0,0,0,0,0,0,0,0,0,0,0,0,52.5,77,681818, Király utca,0.5,-1,-1,street view,0,0,1,available,1,-1,-1,2 room,2,0,in good condition,0,1,0,0,0,0,full comfort,0,1,0,-1,-1,4,3 m or more,combination boiler,0,0,1,0,0,-1,separate and together too,1,0,not specified,0,0,0,0,0,0,0,0,-1,-1.0,-1,0,0,0, Villamos   4   6    Metró   M1    Busz   6   105    Éjszakai   979   923    Troli   70   73   74   76   78   ,47.504734,19.068546,47.504734,19.068546,1077,7,1284,140,14,231,124,66,107,56,11,11,169,324,11,11,188,5,18,1005
9556,0,1,0,0,0,0,0,0,0,0,0,0,0,0,0,0,0,0,0,0,0,0,0,0,0,0,68.88,90,675294, Csillaghegy,1.0,-1,-1,not specified,0,0,0,not available,0,-1,-1,3 + 1 half room,3,1,not specified,0,0,0,0,0,0,not specified,0,0,0,-1,-1,-1,3 m or more,combination boiler,0,0,1,0,0,-1,not specified,-1,-1,not specified,0,0,0,0,0,0,0,0,-1,24.0,no loft conversion,0,0,0,-1,47.585827,19.051441,47.585827,19.051441,1039,3,70,32,4,10,30,2,4,11,1,0,5,17,5,1,97,0,5,164
9557,0,1,0,0,0,0,0,0,0,0,0,0,0,0,0,0,0,0,0,0,0,0,0,0,0,0,69.0,108,610620, Óarany utca,0.0,-1,-1,not specified,0,0,0,not available,0,-1,-1,3 room,3,0,not specified,0,0,0,0,0,0,not specified,0,0,0,-1,-1,-1,less than 3 m,other,0,0,0,0,0,-1,not specified,-1,-1,Southeast,0,0,0,0,0,0,0,1,-1,10.0,no loft conversion,0,0,0, Busz   219   ,47.57911,19.02401,47.57911,19.02401,1037,3,7,9,1,1,1,1,0,3,0,0,1,6,0,0,23,0,4,47
9558,0,1,0,0,0,0,0,0,0,0,0,0,0,0,0,0,0,0,0,0,0,0,0,0,0,0,24.5,51,480392, Huszti út,7.0,-1,-1,not specified,0,0,0,available,1,-1,-1,2 room,2,0,in medium condition,0,0,0,1,0,0,full comfort,0,1,0,-1,-1,10,less than 3 m,district heating,0,0,0,0,0,-1,separate,1,0,East,0,0,1,0,0,0,0,0,-1,-1.0,-1,0,0,0, Hév   H5    Busz   34   106   118   134   H5    Éjszakai   918   923   934   ,47.55502,19.041195,47.55502,19.041195,1033,3,63,26,3,17,15,1,12,10,0,2,29,34,13,0,197,0,19,353
9559,0,1,0,0,0,0,0,0,0,0,0,0,0,0,0,0,0,0,0,0,0,0,0,0,0,0,19.8,35,565714, Dunadűlő út,9.0,-1,1,panoramic,0,1,0,available,1,not available,0,1 + 1 half room,1,1,in good condition,0,1,0,0,0,0,full comfort,0,1,0,-1,-1,10,less than 3 m,district heating,0,0,0,0,0,1,together,0,1,West,0,0,0,1,0,0,0,0,0,-1.0,no loft conversion,0,0,0, Busz   35   36   148   151    Éjszakai   948   ,47.434055,19.085848,47.434055,19.085848,1215,21,21,70,2,8,21,4,2,12,4,6,1,10,4,4,123,0,17,121
9560,0,1,0,0,0,0,0,0,0,0,0,0,0,0,0,0,0,0,0,0,0,0,0,0,0,0,41.9,58,722414, Angyalföld – Lőportárdűlő,1.0,-1,-1,garden view,1,0,0,available,1,-1,-1,2 + 1 half room,2,1,renovated,0,0,1,0,0,0,full comfort,0,1,0,-1,-1,4,less than 3 m,central heating (metered),0,0,0,0,1,-1,not specified,-1,-1,South,0,1,0,0,0,0,0,0,-1,-1.0,-1,0,0,0,-1,47.52255,19.071003,47.52255,19.071003,1135,13,238,75,3,56,84,27,16,23,12,10,66,151,8,12,151,1,29,464
9561,0,1,0,0,0,0,0,0,0,0,0,0,0,0,0,0,0,0,0,0,0,0,0,0,0,0,98.0,170,463357, Csengőbojt utca,2.0,-1,-1,not specified,0,0,0,available,1,-1,-1,3 + 1 half room,3,1,not specified,0,0,0,0,0,0,not specified,0,0,0,-1,-1,-1,less than 3 m,central heating (metered),0,0,0,0,1,-1,not specified,-1,-1,South,0,1,0,0,0,0,0,0,-1,83.0,no loft conversion,0,0,0, Busz   218   260   260A   ,47.57184,19.012072,47.57184,19.012072,1037,3,5,9,1,1,1,1,0,6,0,0,1,5,2,0,30,0,6,50
9562,0,1,0,0,0,0,0,0,0,0,0,0,0,0,0,0,0,0,0,0,0,0,0,0,0,0,31.29,42,720968, Reitter Ferenc utca,4.0,-1,1,not specified,0,0,0,available,1,-1,-1,2 room,2,0,mint,0,0,0,0,0,1,full comfort,0,1,0,-1,-1,-1,not specified,central heating (metered),0,0,0,0,1,-1,not specified,-1,-1,not specified,0,0,0,0,0,0,0,0,-1,2.8,no loft conversion,0,0,0, Villamos   1   14    Busz   14   30   105   230   30A    Éjszakai   914A   914   ,47.531975,19.08624,47.531975,19.08624,1135,13,89,53,3,27,54,12,9,11,3,10,28,58,9,3,85,0,26,242
9563,0,1,0,0,0,0,0,0,0,0,0,0,0,0,0,0,0,0,0,0,0,0,0,0,0,0,29.9,51,586275, Óbuda-Óváros,1.0,-1,-1,street view,0,0,1,not available,0,-1,-1,2 room,2,0,needs renovation,0,0,0,0,1,0,full comfort,0,1,0,-1,-1,3,not specified,natural gas (convector),1,0,0,0,0,-1,not specified,-1,-1,East,0,0,1,0,0,0,0,0,-1,-1.0,-1,0,0,0,-1,47.53809,19.041105,47.53809,19.041105,1036,3,149,51,2,32,28,7,16,23,1,2,94,76,12,1,222,0,24,597
9564,0,1,0,0,0,0,0,0,0,0,0,0,0,0,0,0,0,0,0,0,0,0,0,0,0,0,69.0,108,610620, Ürömhegy,0.0,-1,-1,not specified,0,0,0,not available,0,-1,-1,3 room,3,0,not specified,0,0,0,0,0,0,not specified,0,0,0,-1,-1,-1,less than 3 m,other,0,0,0,0,0,-1,not specified,-1,-1,Southeast,0,0,0,0,0,0,0,1,-1,10.0,no loft conversion,0,0,0,-1,47.581375,19.020317,47.581375,19.020317,1031,3,6,9,1,1,1,1,0,1,0,0,1,4,0,0,13,0,4,38
9565,0,1,0,0,0,0,0,0,0,0,0,0,0,0,0,0,0,0,0,0,0,0,0,0,0,0,68.0,108,601770, Péterhegy,0.0,-1,-1,not specified,0,0,0,not available,0,-1,-1,3 room,3,0,not specified,0,0,0,0,0,0,not specified,0,0,0,-1,-1,-1,less than 3 m,other,0,0,0,0,0,-1,not specified,-1,-1,Southeast,0,0,0,0,0,0,0,1,-1,10.0,no loft conversion,0,0,0,-1,47.584328,19.02857,47.584328,19.02857,1031,3,17,10,2,2,6,1,2,6,0,0,2,5,0,0,20,0,3,92
9566,0,1,0,0,0,0,0,0,0,0,0,0,0,0,0,0,0,0,0,0,0,0,0,0,0,0,17.49,31,564194, Megyer,1.0,-1,-1,street view,0,0,1,not available,0,-1,-1,1 room,1,0,in good condition,0,1,0,0,0,0,not specified,0,0,0,-1,-1,-1,3 m or more,natural gas (convector),1,0,0,0,0,-1,not specified,-1,-1,Southwest,0,0,0,0,0,0,1,0,-1,-1.0,no loft conversion,0,0,0,-1,47.582947,19.097507,47.582947,19.097507,1044,4,30,27,0,1,11,0,1,10,0,0,2,3,4,0,147,0,9,187
9567,0,1,0,0,0,0,0,0,0,0,0,0,0,0,0,0,0,0,0,0,0,0,0,0,0,0,26.9,48,543434, Szőlő utca,-1.0,-1,-1,panoramic,0,1,0,available,1,-1,-1,2 room,2,0,in medium condition,0,0,0,1,0,0,not specified,0,0,0,-1,-1,-1,not specified,district heating (metered),0,0,0,0,0,-1,not specified,-1,-1,West,0,0,0,1,0,0,0,0,-1,3.0,-1,0,0,0, Villamos   1    Busz   9   29   34   106   109   111   118   134   137   218   237   H5    Éjszakai   901   923   934   937   918   ,47.54041,19.037853,47.54041,19.037853,1032,3,139,45,2,27,26,4,16,25,1,2,85,59,13,1,229,0,19,509
9568,0,1,0,0,0,0,0,0,0,0,0,0,0,0,0,0,0,0,0,0,0,0,0,0,0,0,28.0,67,397163, Ugró Gyula sor 11.7.45,7.0,-1,1,garden view,1,0,0,available,1,available,1,2 + 1 half room,2,1,in good condition,0,1,0,0,0,0,full comfort,0,1,0,-1,-1,10,less than 3 m,central heating,0,0,0,0,1,-1,separate,1,0,Northeast,0,0,0,0,1,0,0,0,0,7.0,-1,0,0,0, Busz   126   126A   220   296   20E   296A    Éjszakai   914   ,47.579876,19.102924,47.579876,19.102924,1044,4,37,34,0,3,19,0,1,10,0,0,2,5,2,0,145,0,10,195
9569,0,1,0,0,0,0,0,0,0,0,0,0,0,0,0,0,0,0,0,0,0,0,0,0,0,0,99.0,98,1010204, Belváros,3.0,-1,1,street view,0,0,1,available,1,-1,-1,3 room,3,0,needs renovation,0,0,0,0,1,0,full comfort,0,1,0,-1,-1,5,3 m or more,not specified,0,0,0,0,0,-1,separate,1,0,not specified,0,0,0,0,0,0,0,0,-1,-1.0,no loft conversion,0,0,0,-1,47.49175,19.054825,47.49175,19.054825,1056,5,1435,156,22,244,105,88,98,61,4,8,239,391,6,4,244,4,18,1520
9570,0,1,0,0,0,0,0,0,0,0,0,0,0,0,0,0,0,0,0,0,0,0,0,0,0,0,15.49,25,619600, Józsefváros – Ganznegyed,2.0,-1,-1,garden view,1,0,0,not available,0,-1,-1,1 room,1,0,needs renovation,0,0,0,0,1,0,not specified,0,0,0,-1,-1,-1,not specified,natural gas (convector),1,0,0,0,0,-1,not specified,-1,-1,not specified,0,0,0,0,0,0,0,0,-1,-1.0,no loft conversion,0,0,0,-1,47.487366,19.099571,47.487366,19.099571,1087,8,79,66,2,17,52,7,20,20,5,1,12,19,17,5,191,0,10,153
9571,0,1,0,0,0,0,0,0,0,0,0,0,0,0,0,0,0,0,0,0,0,0,0,0,0,0,32.9,55,598182, Péterfy Sándor utca,4.0,-1,-1,garden view,1,0,0,available,1,-1,-1,0 + 2 half room,0,2,renovated,0,0,1,0,0,0,not specified,0,0,0,-1,-1,5,not specified,not specified,0,0,0,0,0,-1,not specified,-1,-1,not specified,0,0,0,0,0,0,0,0,-1,-1.0,-1,0,0,0, Busz   108E   5   7   99   110   112   133E   178   7E   8E    Éjszakai   973   956   990   908   907   931    Troli   73   74   76   79   ,47.500286,19.076033,47.500286,19.076033,1074,7,1043,154,17,163,118,56,103,55,7,4,171,276,12,7,192,5,14,942
9572,0,1,0,0,0,0,0,0,0,0,0,0,0,0,0,0,0,0,0,0,0,0,0,0,0,0,43.9,62,708065, Hársfa utca,2.0,-1,1,street view,0,0,1,not available,0,not available,0,2 room,2,0,in medium condition,0,0,0,1,0,0,full comfort,0,1,0,-1,-1,3,less than 3 m,natural gas (convector),1,0,0,0,0,0,together,0,1,not specified,0,0,0,0,0,0,0,0,0,-1.0,no loft conversion,0,0,0, Villamos   4   6    Busz   6    Éjszakai   923    Troli   70   73   74   76   78   ,47.50104,19.0699,47.50104,19.0699,1077,7,1421,187,18,255,134,69,111,74,9,10,221,368,10,9,200,5,17,1208
9573,0,1,0,0,0,0,0,0,0,0,0,0,0,0,0,0,0,0,0,0,0,0,0,0,0,0,20.4,35,582857, Nyírpalota út,-1.0,-1,-1,street view,0,0,1,available,1,-1,-1,1 + 1 half room,1,1,renovated,0,0,1,0,0,0,not specified,0,0,0,-1,-1,10,not specified,not specified,0,0,0,0,0,1,not specified,-1,-1,Southwest,0,0,0,0,0,0,1,0,-1,-1.0,-1,0,0,0, Villamos   69    Busz   108E   133E   196A   7   46   146   196   224   7E   8E   96   130   296   296A   7G    Éjszakai   979   973   996A   996   ,47.541748,19.139954,47.541748,19.139954,1157,15,44,21,2,13,22,1,11,9,0,0,4,4,3,0,81,0,12,161
9574,0,1,0,0,0,0,0,0,0,0,0,0,0,0,0,0,0,0,0,0,0,0,0,0,0,0,22.0,35,628571, Erdőkerülő utca,-1.0,-1,-1,not specified,0,0,0,not specified,-1,-1,-1,1 + 1 half room,1,1,not specified,0,0,0,0,0,0,not specified,0,0,0,-1,-1,-1,not specified,not specified,0,0,0,0,0,-1,not specified,-1,-1,not specified,0,0,0,0,0,0,0,0,-1,-1.0,-1,0,0,0, Busz   46   130   146   175   196   196A   224   7G   96   296   296A    Éjszakai   996A   996   973   ,47.54059,19.14756,47.54059,19.14756,1157,15,43,16,1,9,17,1,6,7,0,0,4,5,3,0,78,0,9,144
9575,0,1,0,0,0,0,0,0,0,0,0,0,0,0,0,0,0,0,0,0,0,0,0,0,0,0,58.32,40,1458000, Belváros,4.0,-1,1,panoramic,0,1,0,available,1,available,1,2 + 1 half room,2,1,in good condition,0,1,0,0,0,0,full comfort,0,1,0,-1,-1,4,3 m or more,combination boiler,0,0,1,0,0,-1,together,0,1,not specified,0,0,0,0,0,0,0,0,-1,-1.0,-1,0,0,0,-1,47.49175,19.054825,47.49175,19.054825,1056,5,1435,156,22,244,105,88,98,61,4,8,239,391,6,4,244,4,18,1520
9576,0,1,0,0,0,0,0,0,0,0,0,0,0,0,0,0,0,0,0,0,0,0,0,0,0,0,44.9,88,498889, Budaörsi út,0.0,-1,-1,garden view,1,0,0,not specified,-1,available,1,3 room,3,0,renovated,0,0,1,0,0,0,double comfort,1,0,0,-1,-1,2,not specified,combination boiler,0,0,1,0,0,-1,separate and together too,1,0,not specified,0,0,0,0,0,0,0,0,1,4.0,no loft conversion,0,0,0, Villamos   17   61    Busz   108E   139   140   140A   142   212   240   8E    Éjszakai   908   960   ,47.480724,19.026491,47.480724,19.026491,1118,11,121,66,2,26,59,8,12,25,2,2,23,65,9,2,192,0,14,546
9577,0,1,0,0,0,0,0,0,0,0,0,0,0,0,0,0,0,0,0,0,0,0,0,0,0,0,21.0,43,488372, Téglagyárdűlő,2.0,-1,-1,street view,0,0,1,not specified,-1,-1,-1,2 room,2,0,mint,0,0,0,0,0,1,not specified,0,0,0,-1,-1,-1,less than 3 m,natural gas (convector),1,0,0,0,0,-1,not specified,-1,-1,not specified,0,0,0,0,0,0,0,0,-1,-1.0,no loft conversion,0,0,0,-1,47.483334,19.16917,47.483334,19.16917,1106,10,15,21,1,0,12,0,1,2,1,0,1,0,0,1,53,0,4,46
9578,0,1,0,0,0,0,0,0,0,0,0,0,0,0,0,0,0,0,0,0,0,0,0,0,0,0,25.5,40,637500, Leonardo da Vinci utca 42,-1.0,-1,-1,not specified,0,0,0,not specified,-1,-1,-1,1 room,1,0,not specified,0,0,0,0,0,0,not specified,0,0,0,-1,-1,-1,not specified,not specified,0,0,0,0,0,-1,not specified,-1,-1,not specified,0,0,0,0,0,0,0,0,-1,-1.0,-1,0,0,0, Metró   M3    Éjszakai   914   914A   950   950A   ,47.48482,19.077496,47.48482,19.077496,1082,8,631,186,8,110,122,33,54,51,7,2,179,195,8,7,230,1,15,922
9579,0,1,0,0,0,0,0,0,0,0,0,0,0,0,0,0,0,0,0,0,0,0,0,0,0,0,41.0,70,546667, Erzsébetfalva,1.0,-1,1,garden view,1,0,0,not available,0,available,1,3 room,3,0,mint,0,0,0,0,0,1,full comfort,0,1,0,CC,-1,2,less than 3 m,central heating (metered),0,0,0,0,1,0,separate,1,0,West,0,0,0,1,0,0,0,0,1,10.0,no loft conversion,0,0,0,-1,47.443764,19.109503,47.443764,19.109503,1203,20,12,37,0,2,8,1,2,10,2,2,2,1,5,2,28,0,3,122
9580,0,1,0,0,0,0,0,0,0,0,0,0,0,0,0,0,0,0,0,0,0,0,0,0,0,0,25.0,53,450450, Bajcsy-Zsilinszky út,4.0,-1,1,street view,0,0,1,not available,0,not available,0,2 room,2,0,in good condition,0,1,0,0,0,0,full comfort,0,1,0,-1,-1,4,less than 3 m,combination boiler,0,0,1,0,0,0,separate,1,0,East,0,0,1,0,0,0,0,0,0,5.0,top floor,0,0,1, Busz   71   148   151   152    Éjszakai   948   ,47.423504,19.07526,47.423504,19.07526,1212,21,32,88,4,10,31,3,5,11,2,4,0,12,2,2,233,0,23,83
9581,0,1,0,0,0,0,0,0,0,0,0,0,0,0,0,0,0,0,0,0,0,0,0,0,0,0,25.0,29,862069, Rómer Flóris utca,0.5,-1,1,garden view,1,0,0,not specified,-1,not available,0,1 room,1,0,renovated,0,0,1,0,0,0,full comfort,0,1,0,-1,-1,5,less than 3 m,natural gas (convector),1,0,0,0,0,-1,together,0,1,Southwest,0,0,0,0,0,0,1,0,1,-1.0,-1,0,0,0, Villamos   17   19   41    Busz   11   91   111   191   291    Éjszakai   931   ,47.514145,19.03347,47.514145,19.03347,1024,2,461,72,4,99,77,45,27,37,10,14,140,213,1,10,207,3,6,974
9582,0,1,0,0,0,0,0,0,0,0,0,0,0,0,0,0,0,0,0,0,0,0,0,0,0,0,56.9,55,1034545, Belső-Terézváros,-1.0,-1,-1,not specified,0,0,0,available,1,available,1,2 room,2,0,mint,0,0,0,0,0,1,not specified,0,0,0,-1,-1,-1,less than 3 m,combination boiler,0,0,1,0,0,-1,not specified,-1,-1,not specified,0,0,0,0,0,0,0,0,-1,-1.0,-1,0,0,0,-1,47.505077,19.058195,47.505077,19.058195,1065,6,1364,142,16,244,116,89,107,63,9,13,148,404,9,9,172,6,17,1098
9583,0,1,0,0,0,0,0,0,0,0,0,0,0,0,0,0,0,0,0,0,0,0,0,0,0,0,29.95,72,415972, Baross utca,3.0,-1,-1,street view,0,0,1,not available,0,-1,-1,2 room,2,0,in good condition,0,1,0,0,0,0,not specified,0,0,0,-1,-1,-1,not specified,electric,0,0,0,0,0,-1,not specified,-1,-1,East,0,0,1,0,0,0,0,0,-1,-1.0,no loft conversion,0,0,0, Villamos   4   6    Busz   6   9    Éjszakai   923   909    Troli   83   ,47.489517,19.073727,47.489517,19.073727,1082,8,1068,211,18,179,141,47,81,68,8,6,229,301,14,8,219,1,17,1184
9584,0,1,0,0,0,0,0,0,0,0,0,0,0,0,0,0,0,0,0,0,0,0,0,0,0,0,24.0,54,444444, Mádi utca,-1.0,-1,1,street view,0,0,1,available,1,-1,-1,2 room,2,0,in good condition,0,1,0,0,0,0,full comfort,0,1,0,-1,-1,-1,less than 3 m,district heating (metered),0,0,0,0,0,1,separate,1,0,not specified,0,0,0,0,0,0,0,0,-1,-1.0,no loft conversion,0,0,0, Busz   85   95   185   195   85E    Éjszakai   909   ,47.47895,19.15594,47.47895,19.15594,1104,10,24,28,1,3,22,4,1,12,1,0,1,1,4,1,152,0,7,104
9585,0,1,0,0,0,0,0,0,0,0,0,0,0,0,0,0,0,0,0,0,0,0,0,0,0,0,39.0,71,549296, Takarék utca,-1.0,-1,1,garden view,1,0,0,not specified,-1,available,1,2 + 2 half room,2,2,in medium condition,0,0,0,1,0,0,full comfort,0,1,0,-1,-1,2,less than 3 m,combination boiler,0,0,1,0,0,-1,not specified,-1,-1,Southeast,0,0,0,0,0,0,0,1,1,-1.0,-1,0,0,0, Busz   68   85   117   185   85E   95   195    Éjszakai   909   968   ,47.47423,19.16557,47.47423,19.16557,1108,10,20,24,1,3,20,4,1,4,1,0,1,2,4,1,153,0,8,119
9586,0,1,0,0,0,0,0,0,0,0,0,0,0,0,0,0,0,0,0,0,0,0,0,0,0,0,26.0,42,619048, Baross utca,2.0,-1,1,garden view,1,0,0,not available,0,-1,-1,1 + 1 half room,1,1,renovated,0,0,1,0,0,0,full bath,0,0,0,-1,-1,3,3 m or more,natural gas (convector),1,0,0,0,0,0,not specified,-1,-1,South,0,1,0,0,0,0,0,0,0,-1.0,no loft conversion,0,0,0, Villamos   4   6    Busz   6   9    Éjszakai   923   909    Troli   83   ,47.489517,19.073727,47.489517,19.073727,1082,8,1068,211,18,179,141,47,81,68,8,6,229,301,14,8,219,1,17,1184
9587,0,1,0,0,0,0,0,0,0,0,0,0,0,0,0,0,0,0,0,0,0,0,0,0,0,0,31.49,41,768049, Izabella utca,2.0,-1,-1,street view,0,0,1,available,1,-1,-1,1 room,1,0,in good condition,0,1,0,0,0,0,not specified,0,0,0,-1,-1,-1,not specified,combination boiler,0,0,1,0,0,-1,not specified,-1,-1,West,0,0,0,1,0,0,0,0,-1,-1.0,no loft conversion,0,0,0, Metró   M1    Busz   6   105    Éjszakai   923   979    Troli   72   73   76   ,47.50927,19.06557,47.50927,19.06557,1064,6,1182,109,12,204,118,65,97,43,13,8,109,327,10,13,176,6,18,758
9588,0,1,0,0,0,0,0,0,0,0,0,0,0,0,0,0,0,0,0,0,0,0,0,0,0,0,23.5,54,435185, Kétújfalu utca,2.0,-1,1,not specified,0,0,0,available,1,-1,-1,2 room,2,0,mint,0,0,0,0,0,1,full comfort,0,1,0,-1,-1,-1,less than 3 m,central heating (metered),0,0,0,0,1,1,not specified,-1,-1,not specified,0,0,0,0,0,0,0,0,-1,-1.0,loft conversion,1,0,0, Busz   166   182   266   282E    Éjszakai   950   ,47.422108,19.204264,47.422108,19.204264,1182,18,12,8,0,3,5,0,0,5,0,0,3,1,2,0,13,0,3,39
9589,0,1,0,0,0,0,0,0,0,0,0,0,0,0,0,0,0,0,0,0,0,0,0,0,0,0,29.5,68,421429, Pára utca,1.0,-1,1,not specified,0,0,0,available,1,-1,-1,3 room,3,0,renovated,0,0,1,0,0,0,full comfort,0,1,0,-1,-1,-1,less than 3 m,district heating,0,0,0,0,0,-1,separate,1,0,not specified,0,0,0,0,0,0,0,0,-1,4.0,no loft conversion,0,0,0, Busz   117   201E   202E   68   85   185   85E    Éjszakai   909   968   ,47.4686,19.16335,47.4686,19.16335,1108,10,43,29,1,11,24,5,3,7,1,0,8,3,4,1,167,0,8,142
9590,0,1,0,0,0,0,0,0,0,0,0,0,0,0,0,0,0,0,0,0,0,0,0,0,0,0,53.9,43,1253488, Fejér György utca,-1.0,-1,-1,not specified,0,0,0,not specified,-1,-1,-1,1 room,1,0,not specified,0,0,0,0,0,0,not specified,0,0,0,-1,-1,-1,not specified,not specified,0,0,0,0,0,-1,not specified,-1,-1,not specified,0,0,0,0,0,0,0,0,-1,-1.0,-1,0,0,0, Villamos   2   47   47B   48   49    Metró   M3   M4    Busz   9   15   115    Éjszakai   979A   979   914A   909   950   914   950A    Troli   83   ,47.48888,19.05885,47.48888,19.05885,1056,5,1363,185,19,219,108,79,96,72,4,8,232,396,6,4,255,3,22,1548
9591,0,1,0,0,0,0,0,0,0,0,0,0,0,0,0,0,0,0,0,0,0,0,0,0,0,0,52.9,43,1230233, Alkotmány utca,4.0,-1,1,street view,0,0,1,available,1,-1,-1,2 room,2,0,renovated,0,0,1,0,0,0,full comfort,0,1,0,-1,-1,5,less than 3 m,combination boiler,0,0,1,0,0,-1,together,0,1,not specified,0,0,0,0,0,0,0,0,0,-1.0,no loft conversion,0,0,0, Villamos   2   4   6    Metró   M3    Busz   9   15   115    Éjszakai   914   914A   931   950   950A    Troli   70   72   73   78   ,47.50749,19.051497,47.50749,19.051497,1054,5,1296,94,12,233,102,96,91,56,15,16,139,381,9,15,210,5,16,1014
9592,0,1,0,0,0,0,0,0,0,0,0,0,0,0,0,0,0,0,0,0,0,0,0,0,0,0,34.9,54,623214, Nándorfejérvári út,3.0,-1,1,street view,0,0,1,not available,0,-1,-1,2 room,2,0,in medium condition,0,0,0,1,0,0,not specified,0,0,0,-1,-1,4,not specified,natural gas (convector),1,0,0,0,0,-1,separate,1,0,not specified,0,0,0,0,0,0,0,0,-1,4.0,-1,0,0,0, Villamos   1   17   41   47   47B   48   56    Busz   103   114   141    Éjszakai   973   ,47.46135,19.045605,47.46135,19.045605,1117,11,150,62,2,42,46,6,16,17,1,0,12,95,4,1,268,3,15,535
9593,0,1,0,0,0,0,0,0,0,0,0,0,0,0,0,0,0,0,0,0,0,0,0,0,0,0,41.9,98,427551, Leonardo da Vinci utca,1.0,-1,-1,not specified,0,0,0,not available,0,-1,-1,3 room,3,0,in medium condition,0,0,0,1,0,0,double comfort,1,0,0,-1,-1,3,3 m or more,combination boiler,0,0,1,0,0,-1,separate and together too,1,0,not specified,0,0,0,0,0,0,0,0,-1,-1.0,-1,0,0,0, Metró   M3   ,47.485626,19.07742,47.485626,19.07742,1082,8,678,191,8,111,120,33,53,51,7,2,188,197,11,7,224,1,15,924
9594,0,1,0,0,0,0,0,0,0,0,0,0,0,0,0,0,0,0,0,0,0,0,0,0,0,0,38.5,38,875000, Drégely utca,6.0,-1,1,panoramic,0,1,0,available,1,-1,-1,1 + 1 half room,1,1,mint,0,0,0,0,0,1,full comfort,0,1,0,-1,-1,7,less than 3 m,central heating (metered),0,0,0,0,1,1,together,0,1,not specified,0,0,0,0,0,0,0,0,0,12.0,no loft conversion,0,0,0, Villamos   2   24G   37   37A   4   51   51A   6   24    Busz   23   54   55   281    Éjszakai   918   923   979   979A   ,47.47665,19.07439,47.47665,19.07439,1097,9,406,144,10,65,84,21,42,43,6,2,116,146,8,6,261,1,11,751
9595,0,1,0,0,0,0,0,0,0,0,0,0,0,0,0,0,0,0,0,0,0,0,0,0,0,0,59.9,100,599000, Krisztinaváros – Váralja,1.0,-1,1,garden view,1,0,0,not available,0,-1,-1,2 + 2 half room,2,2,renovated,0,0,1,0,0,0,full comfort,0,1,0,-1,-1,2,3 m or more,combination boiler,0,0,1,0,0,0,not specified,-1,-1,West,0,0,0,1,0,0,0,0,0,-1.0,no loft conversion,0,0,0,-1,47.50112,19.029184,47.50112,19.029184,1012,1,488,82,10,87,93,54,39,33,8,11,162,192,10,8,225,1,12,1051
9596,0,1,0,0,0,0,0,0,0,0,0,0,0,0,0,0,0,0,0,0,0,0,0,0,0,0,41.08,56,714435, József körút,1.0,-1,-1,street view,0,0,1,available,1,-1,-1,1 + 1 half room,1,1,not specified,0,0,0,0,0,0,not specified,0,0,0,-1,-1,-1,less than 3 m,other,0,0,0,0,0,-1,not specified,-1,-1,East,0,0,1,0,0,0,0,0,-1,3.0,no loft conversion,0,0,0, Villamos   4   6    Metró   M4    Busz   6   9    Éjszakai   909   923    Troli   83   ,47.491985,19.070604,47.491985,19.070604,1085,8,1299,221,20,229,143,71,103,71,5,8,244,355,12,5,212,3,16,1275
9597,0,1,0,0,0,0,0,0,0,0,0,0,0,0,0,0,0,0,0,0,0,0,0,0,0,0,58.82,81,696095, József körút,1.0,-1,-1,street view,0,0,1,available,1,-1,-1,2 + 1 half room,2,1,not specified,0,0,0,0,0,0,not specified,0,0,0,-1,-1,-1,less than 3 m,other,0,0,0,0,0,-1,not specified,-1,-1,South,0,1,0,0,0,0,0,0,-1,7.0,no loft conversion,0,0,0, Villamos   4   6    Metró   M4    Busz   6   9    Éjszakai   909   923    Troli   83   ,47.491985,19.070604,47.491985,19.070604,1085,8,1299,221,20,229,143,71,103,71,5,8,244,355,12,5,212,3,16,1275
9598,0,1,0,0,0,0,0,0,0,0,0,0,0,0,0,0,0,0,0,0,0,0,0,0,0,0,61.02,77,730778, József körút,1.0,-1,-1,not specified,0,0,0,available,1,-1,-1,2 + 1 half room,2,1,not specified,0,0,0,0,0,0,not specified,0,0,0,-1,-1,-1,less than 3 m,other,0,0,0,0,0,-1,not specified,-1,-1,East,0,0,1,0,0,0,0,0,-1,13.0,no loft conversion,0,0,0, Villamos   4   6    Metró   M4    Busz   6   9    Éjszakai   909   923    Troli   83   ,47.491985,19.070604,47.491985,19.070604,1085,8,1299,221,20,229,143,71,103,71,5,8,244,355,12,5,212,3,16,1275
9599,0,1,0,0,0,0,0,0,0,0,0,0,0,0,0,0,0,0,0,0,0,0,0,0,0,0,39.45,52,737383, József körút,3.0,-1,-1,street view,0,0,1,available,1,-1,-1,1 + 1 half room,1,1,not specified,0,0,0,0,0,0,not specified,0,0,0,-1,-1,-1,less than 3 m,other,0,0,0,0,0,-1,not specified,-1,-1,East,0,0,1,0,0,0,0,0,-1,3.0,no loft conversion,0,0,0, Villamos   4   6    Metró   M4    Busz   6   9    Éjszakai   909   923    Troli   83   ,47.491985,19.070604,47.491985,19.070604,1085,8,1299,221,20,229,143,71,103,71,5,8,244,355,12,5,212,3,16,1275
9600,0,1,0,0,0,0,0,0,0,0,0,0,0,0,0,0,0,0,0,0,0,0,0,0,0,0,61.96,78,673478, József körút,7.0,-1,-1,street view,0,0,1,available,1,-1,-1,3 room,3,0,not specified,0,0,0,0,0,0,not specified,0,0,0,-1,-1,-1,not specified,other,0,0,0,0,0,-1,not specified,-1,-1,East,0,0,1,0,0,0,0,0,-1,28.0,no loft conversion,0,0,0, Villamos   4   6    Metró   M4    Busz   6   9    Éjszakai   909   923    Troli   83   ,47.491985,19.070604,47.491985,19.070604,1085,8,1299,221,20,229,143,71,103,71,5,8,244,355,12,5,212,3,16,1275
9601,0,1,0,0,0,0,0,0,0,0,0,0,0,0,0,0,0,0,0,0,0,0,0,0,0,0,62.53,81,731345, József körút,5.0,-1,-1,not specified,0,0,0,available,1,-1,-1,2 + 1 half room,2,1,not specified,0,0,0,0,0,0,not specified,0,0,0,-1,-1,-1,less than 3 m,other,0,0,0,0,0,-1,not specified,-1,-1,South,0,1,0,0,0,0,0,0,-1,9.0,no loft conversion,0,0,0, Villamos   4   6    Metró   M4    Busz   6   9    Éjszakai   909   923    Troli   83   ,47.491985,19.070604,47.491985,19.070604,1085,8,1299,221,20,229,143,71,103,71,5,8,244,355,12,5,212,3,16,1275
9602,0,1,0,0,0,0,0,0,0,0,0,0,0,0,0,0,0,0,0,0,0,0,0,0,0,0,63.13,82,725632, József körút,5.0,-1,-1,street view,0,0,1,available,1,-1,-1,2 + 1 half room,2,1,not specified,0,0,0,0,0,0,not specified,0,0,0,-1,-1,-1,less than 3 m,other,0,0,0,0,0,-1,not specified,-1,-1,East,0,0,1,0,0,0,0,0,-1,10.0,no loft conversion,0,0,0, Villamos   4   6    Metró   M4    Busz   6   9    Éjszakai   909   923    Troli   83   ,47.491985,19.070604,47.491985,19.070604,1085,8,1299,221,20,229,143,71,103,71,5,8,244,355,12,5,212,3,16,1275
9603,0,1,0,0,0,0,0,0,0,0,0,0,0,0,0,0,0,0,0,0,0,0,0,0,0,0,81.85,111,601838, József körút,7.0,-1,-1,not specified,0,0,0,available,1,-1,-1,3 + 1 half room,3,1,not specified,0,0,0,0,0,0,not specified,0,0,0,-1,-1,-1,not specified,other,0,0,0,0,0,-1,not specified,-1,-1,South,0,1,0,0,0,0,0,0,-1,50.0,no loft conversion,0,0,0, Villamos   4   6    Metró   M4    Busz   6   9    Éjszakai   909   923    Troli   83   ,47.491985,19.070604,47.491985,19.070604,1085,8,1299,221,20,229,143,71,103,71,5,8,244,355,12,5,212,3,16,1275
9604,0,1,0,0,0,0,0,0,0,0,0,0,0,0,0,0,0,0,0,0,0,0,0,0,0,0,63.34,81,740819, József körút,6.0,-1,-1,not specified,0,0,0,available,1,-1,-1,2 + 1 half room,2,1,not specified,0,0,0,0,0,0,not specified,0,0,0,-1,-1,-1,less than 3 m,other,0,0,0,0,0,-1,not specified,-1,-1,South,0,1,0,0,0,0,0,0,-1,9.0,no loft conversion,0,0,0, Villamos   4   6    Metró   M4    Busz   6   9    Éjszakai   909   923    Troli   83   ,47.491985,19.070604,47.491985,19.070604,1085,8,1299,221,20,229,143,71,103,71,5,8,244,355,12,5,212,3,16,1275
9605,0,1,0,0,0,0,0,0,0,0,0,0,0,0,0,0,0,0,0,0,0,0,0,0,0,0,38.93,48,786465, József körút,2.0,-1,-1,street view,0,0,1,available,1,-1,-1,1 + 1 half room,1,1,not specified,0,0,0,0,0,0,not specified,0,0,0,-1,-1,-1,less than 3 m,other,0,0,0,0,0,-1,not specified,-1,-1,East,0,0,1,0,0,0,0,0,-1,3.0,no loft conversion,0,0,0, Villamos   4   6    Metró   M4    Busz   6   9    Éjszakai   909   923    Troli   83   ,47.491985,19.070604,47.491985,19.070604,1085,8,1299,221,20,229,143,71,103,71,5,8,244,355,12,5,212,3,16,1275
9606,0,1,0,0,0,0,0,0,0,0,0,0,0,0,0,0,0,0,0,0,0,0,0,0,0,0,33.5,35,858974, Drégely utca,3.0,-1,1,not specified,0,0,0,available,1,-1,-1,1 room,1,0,not specified,0,0,0,0,0,0,full comfort,0,1,0,-1,-1,7,less than 3 m,central heating (metered),0,0,0,0,1,1,together,0,1,South,0,1,0,0,0,0,0,0,-1,8.0,-1,0,0,0, Villamos   2   24G   37   37A   4   51   51A   6   24    Busz   23   54   55   281    Éjszakai   918   923   979   979A   ,47.47665,19.07439,47.47665,19.07439,1097,9,406,144,10,65,84,21,42,43,6,2,116,146,8,6,261,1,11,751
9607,0,1,0,0,0,0,0,0,0,0,0,0,0,0,0,0,0,0,0,0,0,0,0,0,0,0,84.26,114,619559, József körút,7.0,-1,-1,not specified,0,0,0,available,1,-1,-1,4 + 1 half room,4,1,not specified,0,0,0,0,0,0,not specified,0,0,0,-1,-1,-1,not specified,other,0,0,0,0,0,-1,not specified,-1,-1,East,0,0,1,0,0,0,0,0,-1,44.0,no loft conversion,0,0,0, Villamos   4   6    Metró   M4    Busz   6   9    Éjszakai   909   923    Troli   83   ,47.491985,19.070604,47.491985,19.070604,1085,8,1299,221,20,229,143,71,103,71,5,8,244,355,12,5,212,3,16,1275
9608,0,1,0,0,0,0,0,0,0,0,0,0,0,0,0,0,0,0,0,0,0,0,0,0,0,0,197.0,176,1119318, Istenhegyi út,-1.0,-1,1,street view,0,0,1,not available,0,-1,-1,5 room,5,0,not specified,0,0,0,0,0,0,double comfort,1,0,0,-1,-1,4,not specified,combination boiler,0,0,1,0,0,-1,not specified,-1,-1,Southeast,0,0,0,0,0,0,0,1,1,-1.0,-1,0,0,0, Busz   21   212   21A    Éjszakai   990   ,47.503407,19.000114,47.503407,19.000114,1125,12,52,52,0,7,42,4,10,18,0,0,27,11,2,0,121,1,10,441
9609,0,1,0,0,0,0,0,0,0,0,0,0,0,0,0,0,0,0,0,0,0,0,0,0,0,0,21.5,36,597222, Drégelyvár utca,10.0,-1,-1,not specified,0,0,0,available,1,available,1,1 + 1 half room,1,1,in good condition,0,1,0,0,0,0,full comfort,0,1,0,-1,-1,10,less than 3 m,not specified,0,0,0,0,0,-1,together,0,1,South,0,1,0,0,0,0,0,0,-1,-1.0,-1,0,0,0, Busz   277   7   8E   108E   133E   7E    Éjszakai   979   ,47.534786,19.131756,47.534786,19.131756,1158,15,53,32,2,13,26,1,9,13,0,0,4,7,10,0,75,0,13,188
9610,0,1,0,0,0,0,0,0,0,0,0,0,0,0,0,0,0,0,0,0,0,0,0,0,0,0,26.5,64,395522, Erdősor utca,3.0,-1,1,panoramic,0,1,0,not available,0,available,1,1 + 2 half room,1,2,in good condition,0,1,0,0,0,0,full comfort,0,1,0,-1,-1,3,less than 3 m,district heating (metered),0,0,0,0,0,-1,not specified,-1,-1,not specified,0,0,0,0,0,0,0,0,-1,6.0,top floor,0,0,1, Busz   38   138   159   238   278   38A    Éjszakai   938   979   979A   ,47.415173,19.063162,47.415173,19.063162,1214,21,29,75,4,9,22,1,5,9,0,0,0,7,4,0,241,0,20,57
9611,0,1,0,0,0,0,0,0,0,0,0,0,0,0,0,0,0,0,0,0,0,0,0,0,0,0,30.69,45,652979, Reitter Ferenc utca,1.0,-1,-1,street view,0,0,1,available,1,-1,-1,2 room,2,0,not specified,0,0,0,0,0,0,not specified,0,0,0,-1,-1,-1,less than 3 m,combination boiler,0,0,1,0,0,-1,not specified,-1,-1,not specified,0,0,0,0,0,0,0,0,-1,4.0,no loft conversion,0,0,0, Villamos   1   14    Busz   14   20E   30   230   30A    Éjszakai   914A   914   ,47.53949,19.090933,47.53949,19.090933,1131,13,47,46,1,20,41,10,3,10,0,10,7,37,7,0,76,0,32,160
9612,0,1,0,0,0,0,0,0,0,0,0,0,0,0,0,0,0,0,0,0,0,0,0,0,0,0,32.1,52,578378, Herminamező,3.0,-1,-1,garden view,1,0,0,available,1,-1,-1,2 room,2,0,not specified,0,0,0,0,0,0,not specified,0,0,0,-1,-1,-1,not specified,combination boiler,0,0,1,0,0,-1,not specified,-1,-1,not specified,0,0,0,0,0,0,0,0,-1,7.0,no loft conversion,0,0,0,-1,47.51863,19.099970000000006,47.51863,19.099970000000006,1145,14,123,55,4,21,45,11,10,20,4,5,12,27,6,4,182,0,16,289
9613,0,1,0,0,0,0,0,0,0,0,0,0,0,0,0,0,0,0,0,0,0,0,0,0,0,0,35.59,45,725586, Kelenföld,1.0,-1,-1,street view,0,0,1,not available,0,-1,-1,1 + 1 half room,1,1,in good condition,0,1,0,0,0,0,full comfort,0,1,0,-1,-1,3,less than 3 m,not specified,0,0,0,0,0,0,together,0,1,Southwest,0,0,0,0,0,0,1,0,-1,8.1,no loft conversion,0,0,0,-1,47.464752,19.041752,47.464752,19.041752,1119,11,224,77,3,55,49,10,18,21,0,0,36,122,8,0,321,3,17,699
9614,0,1,0,0,0,0,0,0,0,0,0,0,0,0,0,0,0,0,0,0,0,0,0,0,0,0,66.0,108,611111, Nap utca,2.0,-1,-1,street view,0,0,1,not specified,-1,-1,-1,4 room,4,0,in good condition,0,1,0,0,0,0,not specified,0,0,0,-1,-1,-1,not specified,not specified,0,0,0,0,0,-1,not specified,-1,-1,not specified,0,0,0,0,0,0,0,0,-1,-1.0,-1,0,0,0, Villamos   4   6    Metró   M3    Busz   6   9    Éjszakai   914   914A   923   950   950A   979   979A   909    Troli   83   ,47.48771,19.07323,47.48771,19.07323,1082,8,980,205,17,170,134,45,77,64,8,5,234,294,14,8,259,1,19,1260
9615,0,1,0,0,0,0,0,0,0,0,0,0,0,0,0,0,0,0,0,0,0,0,0,0,0,0,28.9,39,713580, Hamzsabégi út,2.0,-1,-1,not specified,0,0,0,not available,0,-1,-1,1 room,1,0,mint,0,0,0,0,0,1,not specified,0,0,0,-1,-1,-1,less than 3 m,combination boiler,0,0,1,0,0,-1,not specified,-1,-1,West,0,0,0,1,0,0,0,0,-1,3.0,no loft conversion,0,0,0, Villamos   4   17   41   47   47B   48   56    Metró   M4    Busz   133E   15   33   53   58   150   153   154   154B   212    Éjszakai   973   918   ,47.47111,19.04816,47.47111,19.04816,1117,11,271,73,4,59,47,14,23,27,3,0,38,159,6,3,307,3,17,981
9616,0,1,0,0,0,0,0,0,0,0,0,0,0,0,0,0,0,0,0,0,0,0,0,0,0,0,23.99,36,666389, Józsefváros – Csarnoknegyed,-1.0,-1,-1,garden view,1,0,0,not available,0,-1,-1,1 room,1,0,in good condition,0,1,0,0,0,0,full comfort,0,1,0,-1,-1,-1,3 m or more,combination boiler,0,0,1,0,0,-1,not specified,-1,-1,East,0,0,1,0,0,0,0,0,-1,-1.0,-1,0,0,0,-1,47.492287,19.074709,47.492287,19.074709,1084,8,1165,216,19,195,142,54,87,64,7,6,237,307,12,7,205,3,17,1150
9617,0,1,0,0,0,0,0,0,0,0,0,0,0,0,0,0,0,0,0,0,0,0,0,0,0,0,20.3,65,312308, Szőlővirág utca,-1.0,-1,-1,not specified,0,0,0,not specified,-1,-1,-1,1 + 2 half room,1,2,in medium condition,0,0,0,1,0,0,not specified,0,0,0,-1,-1,-1,not specified,not specified,0,0,0,0,0,-1,not specified,-1,-1,not specified,0,0,0,0,0,0,0,0,-1,-1.0,-1,0,0,0, Busz   68   85   117   185   85E    Éjszakai   909   968   ,47.47003,19.16452,47.47003,19.16452,1108,10,40,24,1,10,21,5,1,7,1,0,8,3,4,1,151,0,8,133
9618,0,1,0,0,0,0,0,0,0,0,0,0,0,0,0,0,0,0,0,0,0,0,0,0,0,0,128.9,109,1047968, Jókai utca,-1.0,-1,-1,panoramic,0,1,0,available,1,available,1,3 + 2 half room,3,2,mint,0,0,0,0,0,1,not specified,0,0,0,-1,-1,5,not specified,megújuló energia,0,0,0,0,0,-1,separate and together too,1,0,not specified,0,0,0,0,0,0,0,0,-1,28.0,loft conversion,1,0,0, Villamos   4   6    Metró   M1   M3    Busz   6   9   91   191   291   105    Éjszakai   914   914A   923   931   934   950   950A   979    Troli   70   72   73   78   ,47.50778,19.05882,47.50778,19.05882,1067,6,1271,110,16,230,116,76,96,55,12,11,114,371,9,12,181,6,17,819
9619,0,1,0,0,0,0,0,0,0,0,0,0,0,0,0,0,0,0,0,0,0,0,0,0,0,0,116.99,145,711185, Kardhegy utca 20.,-1.0,-1,1,garden view,1,0,0,not specified,-1,-1,-1,5 + 1 half room,5,1,mint,0,0,0,0,0,1,full comfort,0,1,0,-1,-1,2,less than 3 m,other,0,0,0,0,0,-1,together,0,1,not specified,0,0,0,0,0,0,0,0,1,39.0,-1,0,0,0, Busz   150   153   250   250B   251   251A   58    Éjszakai   941   ,47.45275,19.02028,47.45275,19.02028,1116,11,62,54,1,18,36,3,10,12,0,0,18,46,10,0,172,0,8,365
9620,0,1,0,0,0,0,0,0,0,0,0,0,0,0,0,0,0,0,0,0,0,0,0,0,0,0,79.9,82,974390, Pilvax köz,3.0,-1,1,street view,0,0,1,available,1,-1,-1,3 room,3,0,needs renovation,0,0,0,0,1,0,not specified,0,0,0,-1,-1,4,not specified,central heating,0,0,0,0,1,-1,together,0,1,West,0,0,0,1,0,0,0,0,-1,-1.0,-1,0,0,0, Villamos   47   47B   48   49    Metró   M3    Busz   108E   5   9   15   110   112   115   133E   7   178   8E    Éjszakai   907   908   909   914   914A   916   931   950   950A   956   973   979   979A   990    Troli   74   ,47.4944,19.05565,47.4944,19.05565,1052,5,1455,172,25,246,117,93,107,63,5,11,241,406,6,5,209,4,17,1512
9621,0,1,0,0,0,0,0,0,0,0,0,0,0,0,0,0,0,0,0,0,0,0,0,0,0,0,43.9,70,627143, Viola utca 7,3.0,-1,-1,not specified,0,0,0,not available,0,-1,-1,2 + 1 half room,2,1,mint,0,0,0,0,0,1,not specified,0,0,0,-1,-1,3,not specified,combination boiler,0,0,1,0,0,-1,not specified,-1,-1,not specified,0,0,0,0,0,0,0,0,-1,-1.0,-1,0,0,0, Villamos   2   24G   37   37A   4   51   51A   6   24    Busz   281    Éjszakai   923   ,47.478992,19.074558,47.478992,19.074558,1094,9,504,161,10,86,105,25,55,44,7,2,151,185,9,7,287,1,15,902
9622,0,1,0,0,0,0,0,0,0,0,0,0,0,0,0,0,0,0,0,0,0,0,0,0,0,0,25.0,37,675676, Forgách utca,-1.0,-1,-1,not specified,0,0,0,not specified,-1,-1,-1,1 room,1,0,not specified,0,0,0,0,0,0,not specified,0,0,0,-1,-1,-1,not specified,not specified,0,0,0,0,0,-1,not specified,-1,-1,not specified,0,0,0,0,0,0,0,0,-1,-1.0,-1,0,0,0, Busz   32   120   ,47.53865,19.074827,47.53865,19.074827,1139,13,84,62,3,35,52,11,8,11,2,10,24,76,7,2,128,0,39,259
9623,0,1,0,0,0,0,0,0,0,0,0,0,0,0,0,0,0,0,0,0,0,0,0,0,0,0,59.9,70,772903, II/A kerület – Széphalom,1.0,-1,-1,street view,0,0,1,not specified,-1,-1,-1,1 + 3 half room,1,3,not specified,0,0,0,0,0,0,not specified,0,0,0,-1,-1,3,not specified,not specified,0,0,0,0,0,-1,not specified,-1,-1,not specified,0,0,0,0,0,0,0,0,-1,15.0,-1,0,0,0,-1,47.559986,18.959665,47.559986,18.959665,1028,2,20,20,0,4,17,1,6,16,0,0,2,2,0,0,30,0,5,145
9624,0,1,0,0,0,0,0,0,0,0,0,0,0,0,0,0,0,0,0,0,0,0,0,0,0,0,20.5,50,410000, Kossuth utca,-1.0,-1,-1,garden view,1,0,0,not available,0,-1,-1,1 + 1 half room,1,1,needs renovation,0,0,0,0,1,0,full comfort,0,1,0,-1,-1,-1,less than 3 m,natural gas (convector),1,0,0,0,0,-1,together,0,1,not specified,0,0,0,0,0,0,0,0,1,-1.0,-1,0,0,0, Villamos   12   14    Busz   104A   12   14   25   96   104   121   124   170   204   225   270   296   296A    Éjszakai   950   950A   996   996A   ,47.5644,19.10899,47.5644,19.10899,1041,4,68,67,1,26,46,2,10,25,3,5,6,10,2,3,105,0,23,329
9625,0,1,0,0,0,0,0,0,0,0,0,0,0,0,0,0,0,0,0,0,0,0,0,0,0,0,49.0,113,415254, Bókaytelep,3.0,-1,1,street view,0,0,1,not available,0,available,1,5 room,5,0,not specified,0,0,0,0,0,0,double comfort,1,0,0,-1,-1,3,less than 3 m,combination boiler,0,0,1,0,0,0,separate and together too,1,0,East,0,0,1,0,0,0,0,0,-1,10.0,-1,0,0,0,-1,47.43839000000001,19.18129,47.43839000000001,19.18129,1181,18,21,28,2,7,16,0,6,11,2,1,3,2,6,2,70,0,4,44
9626,0,1,0,0,0,0,0,0,0,0,0,0,0,0,0,0,0,0,0,0,0,0,0,0,0,0,26.9,33,815152, Oktogon,0.0,-1,-1,garden view,1,0,0,not specified,-1,-1,-1,2 room,2,0,needs renovation,0,0,0,0,1,0,full comfort,0,1,0,-1,-1,-1,not specified,electric,0,0,0,0,0,-1,not specified,-1,-1,not specified,0,0,0,0,0,0,0,0,-1,-1.0,-1,0,0,0, Villamos   4   6    Metró   M1    Busz   6   105    Éjszakai   923   979    Troli   70   73   76   78   ,47.50519,19.063026,47.50519,19.063026,1066,6,1389,134,16,258,122,72,107,55,9,11,162,380,10,9,187,7,16,1070
9627,0,1,0,0,0,0,0,0,0,0,0,0,0,0,0,0,0,0,0,0,0,0,0,0,0,0,85.0,40,2073171, Belváros,2.0,-1,-1,street view,0,0,1,available,1,-1,-1,1 + 1 half room,1,1,renovated,0,0,1,0,0,0,full comfort,0,1,0,-1,-1,7,3 m or more,central heating,0,0,0,0,1,-1,together,0,1,West,0,0,0,1,0,0,0,0,0,2.0,no loft conversion,0,0,0,-1,47.49175,19.054825,47.49175,19.054825,1056,5,1435,156,22,244,105,88,98,61,4,8,239,391,6,4,244,4,18,1520
9628,0,1,0,0,0,0,0,0,0,0,0,0,0,0,0,0,0,0,0,0,0,0,0,0,0,0,20.0,65,307692, Üllői út,-1.0,-1,-1,not specified,0,0,0,not specified,-1,-1,-1,2 room,2,0,in medium condition,0,0,0,1,0,0,not specified,0,0,0,-1,-1,-1,not specified,not specified,0,0,0,0,0,-1,not specified,-1,-1,not specified,0,0,0,0,0,0,0,0,-1,-1.0,-1,0,0,0, Villamos   1    Metró   M3    Busz   254E    Éjszakai   901   914   914A   918   937   950   950A   ,47.47567700000001,19.096674,47.47567700000001,19.096674,1091,9,84,76,1,11,49,2,20,20,2,1,9,9,12,2,194,0,8,163
9629,0,1,0,0,0,0,0,0,0,0,0,0,0,0,0,0,0,0,0,0,0,0,0,0,0,0,35.0,40,795455, Frangepán utca,0.0,-1,-1,not specified,0,0,0,available,1,-1,-1,1 room,1,0,in good condition,0,1,0,0,0,0,not specified,0,0,0,-1,-1,-1,less than 3 m,combination boiler,0,0,1,0,0,-1,not specified,-1,-1,South,0,1,0,0,0,0,0,0,-1,8.0,no loft conversion,0,0,0, Villamos   1   14    Busz   14   32   105   120    Éjszakai   914A   914   ,47.53447,19.079048,47.53447,19.079048,1139,13,94,56,3,37,56,12,9,13,3,10,28,74,9,3,128,0,39,272
9630,0,1,0,0,0,0,0,0,0,0,0,0,0,0,0,0,0,0,0,0,0,0,0,0,0,0,19.99,32,624688, Leonardo da Vinci utca,0.0,-1,1,garden view,1,0,0,not available,0,not available,0,1 room,1,0,in good condition,0,1,0,0,0,0,full comfort,0,1,0,-1,-1,4,3 m or more,natural gas (convector),1,0,0,0,0,1,together,0,1,West,0,0,0,1,0,0,0,0,0,-1.0,no loft conversion,0,0,0, Metró   M3   ,47.485626,19.07742,47.485626,19.07742,1082,8,678,191,8,111,120,33,53,51,7,2,188,197,11,7,224,1,15,924
9631,0,1,0,0,0,0,0,0,0,0,0,0,0,0,0,0,0,0,0,0,0,0,0,0,0,0,34.99,46,760652, Vincellér utca,2.0,-1,1,not specified,0,0,0,not available,0,not available,0,1 + 1 half room,1,1,in medium condition,0,0,0,1,0,0,full comfort,0,1,0,-1,-1,4,less than 3 m,natural gas (convector),1,0,0,0,0,-1,not specified,-1,-1,not specified,0,0,0,0,0,0,0,0,-1,-1.0,-1,0,0,0, Villamos   17   19   41   47   48   49   61    Busz   27   53   150   154   154B   7   58   114   153   212   213   214   240    Éjszakai   960   940   972   972B   941   918   908   907   ,47.477116,19.036678,47.477116,19.036678,1113,11,239,78,4,57,57,12,17,30,2,0,39,144,9,2,256,3,19,864
9632,0,1,0,0,0,0,0,0,0,0,0,0,0,0,0,0,0,0,0,0,0,0,0,0,0,0,65.0,62,1048387, Gellérthegy,0.0,-1,1,garden view,1,0,0,not specified,-1,available,1,2 room,2,0,renovated,0,0,1,0,0,0,full comfort,0,1,0,-1,-1,2,3 m or more,combination boiler,0,0,1,0,0,-1,together,0,1,Southwest,0,0,0,0,0,0,1,0,-1,-1.0,-1,0,0,0,-1,47.487385,19.03715,47.487385,19.03715,1016,1,502,91,12,118,74,45,27,44,7,6,108,203,12,7,181,0,20,1093
9633,0,1,0,0,0,0,0,0,0,0,0,0,0,0,0,0,0,0,0,0,0,0,0,0,0,0,99.9,120,742751, Óbudai lakótelep,3.0,-1,-1,not specified,0,0,0,not specified,-1,-1,-1,4 room,4,0,mint,0,0,0,0,0,1,not specified,0,0,0,-1,-1,-1,not specified,central heating (metered),0,0,0,0,1,-1,not specified,-1,-1,not specified,0,0,0,0,0,0,0,0,-1,29.0,-1,0,0,0,-1,47.545284,19.039955,47.545284,19.039955,1035,3,102,46,2,19,27,3,12,22,1,2,70,51,11,1,220,0,22,423
9634,0,1,0,0,0,0,0,0,0,0,0,0,0,0,0,0,0,0,0,0,0,0,0,0,0,0,14.9,18,827778, Újpesti lakótelep,1.0,-1,1,garden view,1,0,0,not available,0,not available,0,1 room,1,0,renovated,0,0,1,0,0,0,full comfort,0,1,0,-1,-1,2,less than 3 m,combination boiler,0,0,1,0,0,0,together,0,1,Southwest,0,0,0,0,0,0,1,0,0,-1.0,no loft conversion,0,0,0,-1,47.562634,19.09815,47.562634,19.09815,1041,4,77,68,1,31,39,2,10,21,3,5,9,20,2,3,155,0,24,279
9635,0,1,0,0,0,0,0,0,0,0,0,0,0,0,0,0,0,0,0,0,0,0,0,0,0,0,52.6,63,674359, Béke tér,1.0,-1,1,garden view,1,0,0,available,1,available,1,2 + 1 half room,2,1,mint,0,0,0,0,0,1,not specified,0,0,0,-1,-1,8,less than 3 m,central heating (metered),0,0,0,0,1,-1,separate and together too,1,0,South,0,1,0,0,0,0,0,0,-1,30.0,-1,0,0,0, Villamos   1   14    Busz   14   32   105   20E   30   230   30A    Éjszakai   914   914A   ,47.530823,19.079882,47.530823,19.079882,1139,13,115,63,4,34,57,17,9,13,3,10,34,77,10,3,127,0,36,303
9636,0,1,0,0,0,0,0,0,0,0,0,0,0,0,0,0,0,0,0,0,0,0,0,0,0,0,19.3,70,275714, Rákosfalva park,-1.0,-1,-1,not specified,0,0,0,not specified,-1,-1,-1,2 + 1 half room,2,1,in medium condition,0,0,0,1,0,0,not specified,0,0,0,-1,-1,-1,not specified,not specified,0,0,0,0,0,-1,not specified,-1,-1,not specified,0,0,0,0,0,0,0,0,-1,-1.0,-1,0,0,0, Busz   45   67   131   144   231    Éjszakai   907   908   931    Troli   81   80   82   ,47.50752,19.14458,47.50752,19.14458,1144,14,38,42,0,6,22,2,3,6,1,0,12,6,3,1,162,0,10,57
9637,0,1,0,0,0,0,0,0,0,0,0,0,0,0,0,0,0,0,0,0,0,0,0,0,0,0,53.99,84,642738, Józsefváros – Corvinnegyed,2.0,-1,-1,street view,0,0,1,available,1,-1,-1,2 + 1 half room,2,1,needs renovation,0,0,0,0,1,0,full comfort,0,1,0,-1,-1,5,not specified,not specified,0,0,0,0,0,-1,not specified,-1,-1,not specified,0,0,0,0,0,0,0,0,-1,-1.0,-1,0,0,0,-1,47.485794,19.073984,47.485794,19.073984,1082,8,826,207,16,147,127,36,59,62,7,4,212,253,9,7,258,1,16,1193
9638,0,1,0,0,0,0,0,0,0,0,0,0,0,0,0,0,0,0,0,0,0,0,0,0,0,0,19.2,50,384000, Práter utca,-1.0,-1,-1,not specified,0,0,0,not specified,-1,-1,-1,1 + 1 half room,1,1,in medium condition,0,0,0,1,0,0,not specified,0,0,0,-1,-1,-1,not specified,not specified,0,0,0,0,0,-1,not specified,-1,-1,not specified,0,0,0,0,0,0,0,0,-1,-1.0,-1,0,0,0, Villamos   4   6    Metró   M3    Busz   6   9    Éjszakai   914   914A   923   950   950A   979   979A   909    Troli   83   ,47.486687,19.074188,47.486687,19.074188,1083,8,863,206,17,158,129,40,69,60,8,4,230,264,10,8,264,1,17,1212
9639,0,1,0,0,0,0,0,0,0,0,0,0,0,0,0,0,0,0,0,0,0,0,0,0,0,0,59.9,113,530089, Vörösmarty utca 75,3.0,-1,1,street view,0,0,1,available,1,-1,-1,4 room,4,0,needs renovation,0,0,0,0,1,0,not specified,0,0,0,-1,-1,4,not specified,combination boiler,0,0,1,0,0,-1,separate,1,0,not specified,0,0,0,0,0,0,0,0,-1,-1.0,no loft conversion,0,0,0, Busz   105    Éjszakai   979    Troli   72   73   76   ,47.51062,19.061895,47.51062,19.061895,1064,6,1119,102,16,186,108,62,84,46,13,8,84,321,9,13,173,6,21,703
9640,0,1,0,0,0,0,0,0,0,0,0,0,0,0,0,0,0,0,0,0,0,0,0,0,0,0,18.1,46,393478, Csepel-Szabótelep,7.0,-1,1,garden view,1,0,0,available,1,available,1,1 + 1 half room,1,1,in good condition,0,1,0,0,0,0,full comfort,0,1,0,-1,-1,10,less than 3 m,district heating,0,0,0,0,0,-1,together,0,1,not specified,0,0,0,0,0,0,0,0,-1,-1.0,-1,0,0,0,-1,47.434006,19.080843,47.434006,19.080843,1215,21,23,69,2,9,20,3,3,8,2,6,1,11,4,2,134,0,19,112
9641,0,1,0,0,0,0,0,0,0,0,0,0,0,0,0,0,0,0,0,0,0,0,0,0,0,0,20.7,71,291549, Csepel-Gyártelep,0.0,-1,-1,street view,0,0,1,not available,0,-1,-1,2 room,2,0,in medium condition,0,0,0,1,0,0,not specified,0,0,0,-1,-1,-1,not specified,other,0,0,0,0,0,-1,not specified,-1,-1,not specified,0,0,0,0,0,0,0,0,-1,-1.0,no loft conversion,0,0,0,-1,47.421593,19.05697,47.421593,19.05697,1211,21,40,72,5,14,26,4,5,15,4,7,0,16,6,4,241,0,19,78
9642,0,1,0,0,0,0,0,0,0,0,0,0,0,0,0,0,0,0,0,0,0,0,0,0,0,0,39.9,55,676271, Szinyei Merse Pál utca,2.0,-1,-1,street view,0,0,1,available,1,-1,-1,2 room,2,0,mint,0,0,0,0,0,1,not specified,0,0,0,-1,-1,-1,not specified,not specified,0,0,0,0,0,-1,not specified,-1,-1,not specified,0,0,0,0,0,0,0,0,-1,8.0,-1,0,0,0, Metró   M1    Busz   105    Éjszakai   979    Troli   72   73   76   ,47.51175,19.06733,47.51175,19.06733,1063,6,973,97,12,163,110,42,76,36,13,5,81,282,11,13,161,6,21,663
9643,0,1,0,0,0,0,0,0,0,0,0,0,0,0,0,0,0,0,0,0,0,0,0,0,0,0,81.0,75,1080000, Testvérhegy – Óbuda lakókert,-1.0,-1,-1,garden view,1,0,0,not specified,-1,-1,-1,3 room,3,0,mint,0,0,0,0,0,1,luxury,0,0,1,-1,-1,3,less than 3 m,combination boiler,0,0,1,0,0,-1,not specified,-1,-1,South,0,1,0,0,0,0,0,0,-1,-1.0,-1,0,0,0,-1,47.5717,19.015558,47.5717,19.015558,1037,3,6,9,1,1,1,1,0,4,0,0,1,5,3,0,34,0,6,50
9644,0,1,0,0,0,0,0,0,0,0,0,0,0,0,0,0,0,0,0,0,0,0,0,0,0,0,82.9,139,577700, Úrbéres utca,2.0,-1,1,panoramic,0,1,0,not specified,-1,-1,-1,4 + 1 half room,4,1,renovated,0,0,1,0,0,0,not specified,0,0,0,-1,-1,-1,not specified,combination boiler,0,0,1,0,0,-1,not specified,-1,-1,not specified,0,0,0,0,0,0,0,0,1,9.0,-1,0,0,0, Busz   64A   164   264   64    Éjszakai   964   ,47.56998,18.95072,47.56998,18.95072,1028,2,9,10,0,2,7,1,6,6,0,0,1,2,1,0,25,0,3,109
9645,0,1,0,0,0,0,0,0,0,0,0,0,0,0,0,0,0,0,0,0,0,0,0,0,0,0,39.9,42,950000, Kende utca,0.5,-1,-1,street view,0,0,1,available,1,-1,-1,2 room,2,0,renovated,0,0,1,0,0,0,full comfort,0,1,0,-1,-1,4,not specified,district heating (metered),0,0,0,0,0,-1,separate,1,0,East,0,0,1,0,0,0,0,0,-1,-1.0,-1,0,0,0, Villamos   6   19   41   47   47B   48   49   56   56A    Metró   M4    Busz   133E   6   33   213   114   214   7    Éjszakai   907   908   940   941   972   973   ,47.47855,19.0522,47.47855,19.0522,1111,11,585,116,16,121,80,33,29,44,4,2,154,255,3,4,278,3,16,1377
9646,0,1,0,0,0,0,0,0,0,0,0,0,0,0,0,0,0,0,0,0,0,0,0,0,0,0,17.1,60,285000, Nagy Lajos király útja,-1.0,-1,-1,not specified,0,0,0,not specified,-1,-1,-1,2 room,2,0,in medium condition,0,0,0,1,0,0,not specified,0,0,0,-1,-1,-1,not specified,not specified,0,0,0,0,0,-1,not specified,-1,-1,not specified,0,0,0,0,0,0,0,0,-1,-1.0,-1,0,0,0, Villamos   3   62   62A    Busz   32   130    Éjszakai   907   908   931   956   990    Troli   80   80A   ,47.50963,19.128496,47.50963,19.128496,1148,14,66,68,2,15,30,4,3,8,1,0,17,14,9,1,266,0,11,92
9647,0,1,0,0,0,0,0,0,0,0,0,0,0,0,0,0,0,0,0,0,0,0,0,0,0,0,30.5,28,1089286, Külső-Terézváros,0.5,-1,-1,garden view,1,0,0,not available,0,-1,-1,1 room,1,0,mint,0,0,0,0,0,1,not specified,0,0,0,-1,-1,-1,not specified,natural gas (convector),1,0,0,0,0,-1,not specified,-1,-1,not specified,0,0,0,0,0,0,0,0,-1,-1.0,no loft conversion,0,0,0,-1,47.51342800000001,19.066608,47.51342800000001,19.066608,1064,6,801,99,12,137,111,36,68,32,13,5,77,255,10,13,159,6,21,647
9648,0,1,0,0,0,0,0,0,0,0,0,0,0,0,0,0,0,0,0,0,0,0,0,0,0,0,36.2,56,635088, Vizafogó lakótelep,6.0,-1,1,panoramic,0,1,0,available,1,-1,-1,1 + 2 half room,1,2,renovated,0,0,1,0,0,0,not specified,0,0,0,-1,-1,10,not specified,district heating (metered),0,0,0,0,0,-1,not specified,-1,-1,West,0,0,0,1,0,0,0,0,-1,2.0,-1,0,0,0,-1,47.53171,19.0609,47.53171,19.0609,1138,13,163,60,4,47,60,18,16,19,7,11,67,137,8,7,191,0,28,440
9649,0,1,0,0,0,0,0,0,0,0,0,0,0,0,0,0,0,0,0,0,0,0,0,0,0,0,51.9,120,432500, Károlyi István utca,3.0,-1,-1,street view,0,0,1,available,1,available,1,3 room,3,0,not specified,0,0,0,0,0,0,double comfort,1,0,0,-1,-1,3,3 m or more,combination boiler,0,0,1,0,0,-1,separate and together too,1,0,not specified,0,0,0,0,0,0,0,0,0,-1.0,loft conversion,1,0,0, Busz   30   104   104A   147   196   196A   204   230   30A    Éjszakai   930   950   950A   ,47.563564,19.084759,47.563564,19.084759,1041,4,80,72,1,29,32,1,8,17,1,4,8,23,7,1,139,0,20,268
9650,0,1,0,0,0,0,0,0,0,0,0,0,0,0,0,0,0,0,0,0,0,0,0,0,0,0,45.9,89,515730, Kiss József utca,2.0,-1,-1,street view,0,0,1,not available,0,not available,0,2 room,2,0,needs renovation,0,0,0,0,1,0,full comfort,0,1,0,-1,-1,3,3 m or more,tile stove,0,0,0,0,0,0,separate,1,0,West,0,0,0,1,0,0,0,0,-1,-1.0,no loft conversion,0,0,0, Villamos   28   28A   37   37A   4   6   62    Metró   M2   M4    Busz   108E   5   6   7   99   110   112   133E   178   217E   7E   8E    Éjszakai   973   956   990   908   907   931   923    Troli   74   ,47.49702,19.07418,47.49702,19.07418,1081,8,1296,202,18,214,143,73,106,72,10,6,217,324,13,10,213,5,15,1157
9651,0,1,0,0,0,0,0,0,0,0,0,0,0,0,0,0,0,0,0,0,0,0,0,0,0,0,16.3,50,326000, Orczy út,-1.0,-1,-1,not specified,0,0,0,not specified,-1,-1,-1,1 + 1 half room,1,1,in medium condition,0,0,0,1,0,0,not specified,0,0,0,-1,-1,-1,not specified,not specified,0,0,0,0,0,-1,not specified,-1,-1,not specified,0,0,0,0,0,0,0,0,-1,-1.0,-1,0,0,0, Villamos   24   24G   37   37A   4   6    Busz   99    Éjszakai   914   914A   950   ,47.48233,19.093704,47.48233,19.093704,1089,8,147,88,1,16,57,9,23,31,4,1,12,34,14,4,187,0,9,244
9652,0,1,0,0,0,0,0,0,0,0,0,0,0,0,0,0,0,0,0,0,0,0,0,0,0,0,85.0,120,708333, Nánási út,0.0,-1,1,garden view,1,0,0,available,1,available,1,4 + 1 half room,4,1,in good condition,0,1,0,0,0,0,double comfort,1,0,0,-1,-1,3,less than 3 m,combination boiler,0,0,1,0,0,1,separate and together too,1,0,East,0,0,1,0,0,0,0,0,1,-1.0,no loft conversion,0,0,0, Busz   34   106    Éjszakai   934   ,47.57337,19.062061,47.57337,19.062061,1031,3,65,17,7,2,12,3,3,7,0,0,4,15,5,0,75,0,1,186
